[INFO ][KERNEL] === MaahiOS Boot Started ===
[INFO ][KERNEL] Kernel logger initialized (256 entry buffer)
[INFO ][PMM] Initializing Physical Memory Manager
[INFO ][PMM] Initialized: 130784 pages (510 MB), bitmap at 0x157000
[INFO ][PMM] PMM initialized successfully
[INFO ][PAGING] Initializing virtual memory
[INFO ][PAGING] Initialized: identity mapped 128MB, page dir at 0x12e000
[INFO ][PAGING] Paging initialized successfully
[INFO ][GDT] Initializing Global Descriptor Table
[INFO ][GDT] 6 entries configured (null,kcode,kdata,ucode,udata,tss)
[INFO ][GDT] GDT and TSS loaded successfully
[INFO ][GDT] GDT loaded successfully
[INFO ][IDT] Initializing Interrupt Descriptor Table
[DEBUG][IDT] Initializing IDT (256 entries)
[INFO ][IDT] IDT initialized (256 entries cleared)
[INFO ][IDT] IDT loaded into CPU
[INFO ][IDT] IDT loaded successfully
[INFO ][IRQ] Remapping PIC (IRQ 0-15 to INT 0x20-0x2F)
[INFO ][IRQ] PIC remapped (IRQ 0-15 -> INT 0x20-0x2F)
[DEBUG][IDT] Installing exception handlers (0-19)
[INFO ][IDT] Exception handlers (0-19), syscall (0x80), IRQ0/1 installed
[INFO ][IDT] Exception handlers installed
[INFO ][BGA] Checking BGA hardware availability
[INFO ][BGA] Initializing BGA 1024x768x32
[INFO ][BGA] Initializing BGA hardware driver
[INFO ][BGA] Mode set, framebuffer mapped
[INFO ][BGA] BGA initialized successfully
[INFO ][DISPLAY] Initializing graphics subsystem
[INFO ][BGA] Initializing BGA hardware driver
[INFO ][BGA] Mode set, framebuffer mapped
[INFO ][DISPLAY] BGA driver active
[INFO ][GFX] Graphics layer initialized
[INFO ][KHEAP] Initializing kernel heap
[INFO ][KHEAP] Initialized: 4MB heap at 0x1000000
[INFO ][KHEAP] Kernel heap initialized
[INFO ][SHM] Initializing shared memory manager
[INFO ][SHM] Initializing shared memory manager...
[INFO ][SHM] Manager initialized, max regions:  0x00000040
[INFO ][CELL] Initializing cell manager (key-value store)
[INFO ][CELL] Initializing cell manager...
[INFO ][CELL] Cell data size (bytes):  0x00018C08
[DEBUG][PMM] Allocated contiguous block at 0x02421000
[INFO ][SHM] Created region, ID/size:  0x00000001, 0x00019000
[INFO ][CELL] Initialized, SHM ID/cells:  0x00000001, 0x00000100
[INFO ][CELL] Creating root hive structure...
[DEBUG][CELL] Wrote cell, size:  0x00000004
[DEBUG][CELL] Wrote cell, size:  0x00000004
[DEBUG][CELL] Wrote cell, size:  0x00000004
[DEBUG][CELL] Wrote cell, size:  0x00000004
[DEBUG][CELL] Wrote cell, size:  0x00000004
[DEBUG][CELL] Wrote cell, size:  0x00000004
[DEBUG][CELL] Wrote cell, size:  0x00000004
[DEBUG][CELL] Wrote cell, size:  0x00000004
[INFO ][CELL] Root hives created, cells used:  0x00000008
[INFO ][PROC] Initializing process manager
[INFO ][PROC] Initialized: kernel stacks 0x600000-0x700000, user stacks 0x200000-0x600000
[INFO ][PROC] Process manager initialized
[INFO ][SCHED] Initializing scheduler
[INFO ][SCHED] Initialized
[INFO ][SCHED] Scheduler initialized
[INFO ][PIT] Initializing PIT timer (50Hz)
[INFO ][PIT] Initialized at 50 Hz (divisor=23863)
[INFO ][PIT] PIT timer initialized
[INFO ][KERNEL] Initializing Device Manager (auto-discovery)
[INFO ][DEVMGR] === Device Manager Auto-Init ===
[INFO ][DEVMGR] Initializing driver:
[INFO ][DEVMGR] disk
[INFO ][DISK] Initializing disk subsystem
[INFO ][ATA] Initializing ATA/ATAPI driver
[INFO ][ATA] Secondary Master: ATAPI
[INFO ][ATA] ATA driver initialization complete
[INFO ][DISK] Scanning for ATA/ATAPI drives
[INFO ][DISK] Found: CD-ROM (C:)
[INFO ][DISK] Scan complete: 1 drive(s) found
[INFO ][ISO9660] Initializing ISO9660 filesystem driver
[INFO ][ISO9660] Found ATAPI drive at index 2
[INFO ][ISO9660] Root directory at LBA 0x00000014
[INFO ][ISO9660] Filesystem initialization complete
[INFO ][DEVMGR] Device registered id= 0x00000004
[INFO ][DISK] Disk subsystem initialized and registered
[INFO ][DEVMGR]   -> OK
[INFO ][DEVMGR] Initializing driver:
[INFO ][DEVMGR] display
[INFO ][DEVMGR] Device registered id= 0x00000003
[INFO ][DISPLAY] Registered as DEV_DISPLAY
[INFO ][DEVMGR]   -> OK
[INFO ][DEVMGR] Initializing driver:
[INFO ][DEVMGR] mouse
[INFO ][MOUSE] Initializing PS/2 mouse driver
[DEBUG][MOUSE] Installing IRQ12 handler
[INFO ][IDT] Mouse handler installed (IRQ12 -> INT 44)
[DEBUG][IRQ] Enabled IRQ 0x00000004
[INFO ][DEVMGR] Device registered id= 0x00000001
[DEBUG][MOUSE] Initializing hardware cursor
[INFO ][MOUSE] Driver initialized and registered
[INFO ][DEVMGR]   -> OK
[INFO ][DEVMGR] Initializing driver:
[INFO ][DEVMGR] keyboard
[INFO ][DEVMGR] Device registered id= 0x00000002
[INFO ][KEYBOARD] Initialized and registered
[INFO ][DEVMGR]   -> OK
[INFO ][DEVMGR] Initializing driver:
[INFO ][DEVMGR] rtc
[INFO ][DEVMGR] Device registered id= 0x00000007
[INFO ][RTC] Driver initialized
[INFO ][DEVMGR]   -> OK
[INFO ][DEVMGR] Drivers initialized:  0x00000005
[INFO ][DEVMGR] === Device Manager Ready ===
[INFO ][GRUBMOD] Initializing GRUB module manager
[INFO ][GRUBMOD] Initializing GRUB module manager...
[DEBUG][GRUBMOD] Module idx/addr:  0x00000000, 0x00132000
[DEBUG][GRUBMOD] Module idx/addr:  0x00000001, 0x00136000
[DEBUG][GRUBMOD] Module idx/addr:  0x00000002, 0x00137000
[DEBUG][GRUBMOD] Module idx/addr:  0x00000003, 0x00139000
[DEBUG][GRUBMOD] Module idx/addr:  0x00000004, 0x0013C000
[DEBUG][GRUBMOD] Module idx/addr:  0x00000005, 0x0013F000
[DEBUG][GRUBMOD] Module idx/addr:  0x00000006, 0x00142000
[DEBUG][GRUBMOD] Module idx/addr:  0x00000007, 0x00145000
[DEBUG][GRUBMOD] Module idx/addr:  0x00000008, 0x00147000
[DEBUG][GRUBMOD] Module idx/addr:  0x00000009, 0x00149000
[DEBUG][GRUBMOD] Module idx/addr:  0x0000000A, 0x0014D000
[INFO ][GRUBMOD] Manager initialized, modules:  0x0000000B
[INFO ][TIME] Initializing time manager
[DEBUG][PMM] Allocated contiguous block at 0x0243A000
[INFO ][SHM] Created region, ID/size:  0x00000002, 0x00001000
[INFO ][SHM] Attached to PID, virt addr:  0x00000000, 0x80200000
[INFO ][TIME] Manager initialized, shared SHM ID 0x00000002
[INFO ][SYSCALL] Initializing syscall manager
[INFO ][SYSCALL] Initializing syscall manager...
[DEBUG][SYSCALL] Core handlers registered (0-15)
[DEBUG][SYSCALL] Process handlers registered (16-31)
[DEBUG][SYSCALL] Memory handlers registered (32-47)
[DEBUG][SYSCALL] SHM handlers registered (48-63)
[DEBUG][SYSCALL] Cell handlers registered (64-79)
[DEBUG][SYSCALL] Device handlers registered (80-95)
[DEBUG][SYSCALL] Module handlers registered (96-111)
[INFO ][SYSCALL] Time handlers registered (112-117)
[INFO ][SYSCALL] Debug handlers registered (240-255)
[DEBUG][SYSCALL] Filesystem handlers registered (128-143)
[INFO ][SYSCALL] Manager initialized, handlers:  0x00000038
[INFO ][LOADER] Loading system modules from GRUB
[INFO ][LOADER] sysman module addr/size:  0x00132000, 0x000032E0
[INFO ][KERNEL] === Transitioning to Ring 3 ===
[INFO ][SCHED] Enabled
[INFO ][SCHED] Scheduler enabled
[DEBUG][PMM] Allocated contiguous block at 0x0243C000
[DEBUG][PAGING] Cloned kernel page directory at 0x02460000
[DEBUG][PAGING] Mapped user region virt/pages:  0x10000000, 0x00000024
[INFO ][SCHED] Queued PID 1 (queue_count=1)
[INFO ][PROC] Created PID 1, entry=0x10000000, esp=0x603fcc
[INFO ][PROC] Created from memory PID 1, base=0x10000000, bin=13024, alloc=147456
[INFO ][PROC] sysman created with PID 1 (per-process page dir)
[DEBUG][IRQ] Enabled IRQ 0x00000000
[INFO ][IRQ] Timer IRQ enabled
[INFO ][KERNEL] Enabling interrupts, entering idle loop (PID 0)
[INFO ][SCHED] Starting PID 1 from queue
[INFO ][SYSMAN] [U] ========================================
[INFO ][SYSMAN] [U]   Welcome to Sysman (PID 1)
[INFO ][SYSMAN] [U] ========================================
[INFO ][SYSMAN] [U] Starting Log Executive...
[INFO ][SYSMAN] [U] Module GRUB addr:0x00136000
[INFO ][SYSMAN] [U] Module size:0x00000D20
[INFO ][SYSCALL] process_exec: base=0x10000000, data=0x136000, size=3360, entry_off=0
[DEBUG][PMM] Allocated contiguous block at 0x02462000
[DEBUG][PAGING] Cloned kernel page directory at 0x02483000
[DEBUG][PAGING] Mapped user region virt/pages:  0x10000000, 0x00000021
[INFO ][SCHED] Queued PID 2 (queue[INFO ][SCHED] Starting PID 2 from queue
[INFO ][LOGEXEC] [U] Log Executive initializing...
[DEBUG][SYSCALL] SHM create: PID/size:  0x00000002, 0x00002320
[DEBUG][PMM] Allocated contiguous block at 0x02485000
[INFO ][SHM] Created region, ID/size:  0x00000003, 0x00003000
[DEBUG][SYSCALL] SHM attach: PID/SHM:  0x00000002, 0x00000003
[INFO ][SHM] Attached to PID, virt addr:  0x00000002, 0x80300000
[INFO ][LOGEXEC] [U] Request queue SHM ID:0x00000003
[DEBUG][SYSCALL] SHM create: PID/size:  0x00000002, 0x00002220
[DEBUG][PMM] Allocated contiguous block at 0x02488000
[INFO ][SHM] Created region, ID/size:  0x00000004, 0x00003000
[DEBUG][SYSCALL] SHM attach: PID/SHM:  0x00000002, 0x00000004
[INFO ][SHM] Attached to PID, virt addr:  0x00000002, 0x80400000
[INFO ][LOGEXEC] [U] Response queue SHM ID:0x00000004
[DEBUG][SYSCALL] cell_write: key=system.exec.log.req_shm
[DEBUG][CELL] Wrote cell, size:  0x00000004
[DEBUG][SYSCALL] cell_write: key=system.exec.log.resp_shm
[DEBUG][CELL] Wrote cell, size:  0x00000004
[INFO ][LOGEXEC] [U] Log Executive initialized successfully
[INFO ][LOGEXEC] [U] Entering main loop...
_count=1)
[INFO ][PROC] Created PID 2, entry=0x10000000, esp=0x607f78
[INFO ][PROC] Created from memory PID 2, base=0x10000000, bin=3360, alloc=135168
[DEBUG][SYSCALL] SHM attach: PID/SHM:  0x00000001, 0x00000003
[INFO ][SHM] Attached to PID, virt addr:  0x00000001, 0x80300000
[INFO ][SYSMAN] [U] Process started, PID:0x00000002
[INFO ][SYSCALL] process_exec: base=0x10000000, data=0x137000, size=5720, entry_off=0
[DEBUG][PMM] Allocated contiguous block at 0x0248C000
[DEBUG][PAGING] Cloned kernel page directory at 0x024AE000
[DEBUG][PAGING] Mapped user region virt/pages:  0x10000000, 0x00000022
[INFO ][SCHED] Queued PID 3 (queue_count=1)
[INFO ][PROC] Created PID 3, entry=0x10000000, esp=0x60bfcc
[INFO ][PROC] Created from memory PID 3, base=0x10000000, bin=5720, alloc=139264
[INFO ][SCHED] Starting PID 3 from queue
[DEBUG][SYSCALL] SHM attach: PID/SHM:  0x00000003, 0x00000003
[INFO ][SHM] Attached to PID, virt addr:  0x00000003, 0x80300000
[DEBUG][SYSCALL] SHM create: PID/size:  0x00000003, 0x00002320
[DEBUG][PMM] Allocated contiguous block at 0x024B0000
[INFO ][SHM] Created region, ID/size:  0x00000005, 0x00003000
[DEBUG][SYSCALL] SHM attach: PID/SHM:  0x00000003, 0x00000005
[INFO ][SHM] Attached to PID, virt addr:  0x00000003, 0x80500000
[DEBUG][SYSCALL] SHM create: PID/size:  0x00000003, 0x00002220
[DEBUG][PMM] Allocated contiguous block at 0x024B4000
[INFO ][SHM] Created region, ID/size:  0x00000006, 0x00003000
[DEBUG][SYSCALL] SHM attach: PID/SHM:  0x00000003, 0x00000006
[INFO ][SHM] Attached to PID, virt addr:  0x00000003, 0x80600000
[DEBUG][SYSCALL] cell_write: key=system.exec.cell.req_shm
[DEBUG][CELL] Wrote cell, size:  0x00000004
[DEBUG][SYSCALL] cell_write: key=system.exec.cell.resp_shm
[DEBUG][CELL] Wrote cell, size:  0x00000004
[INFO ][SYSMAN] [U] Starting Cell Executive...
[INFO ][SYSMAN] [U] Module GRUB addr:0x00137000
[INFO ][SYSMAN] [U] Module size:0x00001658
[INFO ][SYSMAN] [U] Process started, PID:0x00000003
[INFO ][CELLEXEC] [U] Cell Executive initializing...
[INFO ][CELLEXEC] [U] Request queue SHM ID:0x00000005
[INFO ][CELLEXEC] [U] Response queue SHM ID:0x00000006
[INFO ][CELLEXEC] [U] Cell Executive initialized successfully
[INFO ][CELLEXEC] [U] Entering main loop...
[INFO ][SYSCALL] process_exec: base=0x10000000, data=0x145000, size=7804, entry_off=0
[DEBUG][PMM] Allocated contiguous block at 0x024B7000
[DEBUG][PAGING] Cloned kernel page directory at 0x024D9000
[DEBUG][PAGING] Mapped user region virt/pages:  0x10000000, 0x00000022
[INFO ][SCHED] Queued PID 4 (queue_count=1)
[INFO ][PROC] Created PID 4, entry=0x10000000, esp=0x60ffcc
[INFO ][PROC] Created from memory PID 4, base=0x10000000, bin=7804, alloc=139264
[INFO ][SCHED] Starting PID 4 from queue
[DEBUG][SYSCALL] SHM attach: PID/SHM:  0x00000004, 0x00000003
[INFO ][SHM] Attached to PID, virt addr:  0x00000004, 0x80300000
[DEBUG][SYSCALL] SHM create: PID/size:  0x00000004, 0x00002320
[DEBUG][PMM] Allocated contiguous block at 0x024DB000
[INFO ][SHM] Created region, ID/size:  0x00000007, 0x00003000
[DEBUG][SYSCALL] SHM attach: PID/SHM:  0x00000004, 0x00000007
[INFO ][SHM] Attached to PID, virt addr:  0x00000004, 0x80700000
[DEBUG][SYSCALL] SHM create: PID/size:  0x00000004, 0x00002220
[DEBUG][PMM] Allocated contiguous block at 0x024DF000
[INFO ][SHM] Created region, ID/size:  0x00000008, 0x00003000
[DEBUG][SYSCALL] SHM attach: PID/SHM:  0x00000004, 0x00000008
[INFO ][SHM] Attached to PID, virt addr:  0x00000004, 0x80800000
[DEBUG][SYSCALL] SHM attach: PID/SHM:  0x00000004, 0x00000005
[INFO ][SHM] Attached to PID, virt addr:  0x00000004, 0x80500000
[DEBUG][SYSCALL] SHM attach: PID/SHM:  0x00000004, 0x00000006
[INFO ][SHM] Attached to PID, virt addr:  0x00000004, 0x80600000
[DEBUG][SYSCALL] cell_write: key=system.exec.gui.req_shm
[DEBUG][CELL] Wrote cell, size:  0x00000004
[INFO ][SYSMAN] [U] Starting GUI Executive...
[INFO ][SYSMAN] [U] Module GRUB addr:0x00145000
[INFO ][SYSMAN] [U] Module size:0x00001E7C
[INFO ][SYSMAN] [U] Process started, PID:0x00000004
[INFO ][GUIEXEC] [U] GUI Executive initializing...
[INFO ][GUIEXEC] [U] Request queue SHM ID:0x00000007
[INFO ][GUIEXEC] [U] Response queue SHM ID:0x00000008
[DEBUG][SYSCALL] cell_write: key=system.exec.gui.resp_shm
[DEBUG][CELL] Wrote cell, size:  0x00000004
[DEBUG][SYSCALL] dev_open: id/flags:  0x00000003, 0x00000000
[DEBUG][DEVMGR] open: ok id= 0x00000003, 0x00000000
[DEBUG][DEVMGR] ioctl: id= 0x00000003, 0xFD000000
[DEBUG][SYSCALL] cell_write: key=system.gui.framebuffer
[DEBUG][CELL] Wrote cell, size:  0x00000004
[INFO ][SYSCALL] process_exec: base=0x10000000, data=0x147000, size=7904, entry_off=0
[DEBUG][PMM] Allocated contiguous block at 0x024E3000
[DEBUG][PAGING] Cloned kernel page directory at 0x02505000
[DEBUG][PAGING] Mapped user region virt/pages:  0x10000000, 0x00000022
[INFO ][SCHED] Queued PID 5 (queue_count=1)
[INFO ][PROC] Created PID 5, entry=0x10000000, esp=0x613fcc
[INFO ][PROC] Created from memory PID 5, base=0x10000000, bin=7904, alloc=139264
[INFO ][SCHED] Starting PID 5 from queue
[DEBUG][SYSCALL] SHM attach: PID/SHM:  0x00000005, 0x00000003
[INFO ][SHM] Attached to PID, virt addr:  0x00000005, 0x80300000
[DEBUG][SYSCALL] SHM create: PID/size:  0x00000005, 0x00002320
[DEBUG][PMM] Allocated contiguous block at 0x02507000
[INFO ][SHM] Created region, ID/size:  0x00000009, 0x00003000
[DEBUG][SYSCALL] SHM attach: PID/SHM:  0x00000005, 0x00000009
[INFO ][SHM] Attached to PID, virt addr:  0x00000005, 0x80900000
[DEBUG][SYSCALL] SHM create: PID/size:  0x00000005, 0x00002220
[DEBUG][PMM] Allocated contiguous block at 0x0250B000
[INFO ][SHM] Created region, ID/size:  0x0000000A, 0x00003000
[DEBUG][SYSCALL] SHM attach: PID/SHM:  0x00000005, 0x0000000A
[INFO ][SHM] Attached to PID, virt addr:  0x00000005, 0x80A00000
[DEBUG][SYSCALL] SHM attach: PID/SHM:  0x00000005, 0x00000005
[INFO ][SHM] Attached to PID, virt addr:  0x00000005, 0x80500000
[DEBUG][SYSCALL] SHM attach: PID/SHM:  0x00000005, 0x00000006
[INFO ][SHM] Attached to PID, virt addr:  0x00000005, 0x80600000
[DEBUG][SYSCALL] cell_write: key=system.exec.io.req_shm
[DEBUG][CELL] Wrote cell, size:  0x00000004
[DEBUG][SYSCALL] cell_write: key=system.gui.width
[DEBUG][CELL] Wrote cell, size:  0x00000004
[INFO ][SYSCALL] process_exec: base=0x10000000, data=0x139000, size=10900, entry_off=0
[DEBUG][PMM] Allocated contiguous block at 0x0250F000
[DEBUG][PAGING] Cloned kernel page directory at 0x02532000
[DEBUG][PAGING] Mapped user region virt/pages:  0x10000000, 0x00000023
[INFO ][SCHED] Queued PID 6 (queue_count=1)
[INFO ][PROC] Created PID 6, entry=0x10000000, esp=0x617fcc
[INFO ][PROC] Created from memory PID 6, base=0x10000000, bin=10900, alloc=143360
[INFO ][SCHED] Starting PID 6 from queue
[INFO ][GUIEXEC] [U] DEV_DISPLAY open handle:0x00000000
[INFO ][GUIEXEC] [U] Framebuffer at:0xFD000000
[INFO ][SYSMAN] [U] Starting I/O Executive...
[INFO ][SYSMAN] [U] Module GRUB addr:0x00147000
[INFO ][SYSMAN] [U] Module size:0x00001EE0
[INFO ][SYSMAN] [U] Process started, PID:0x00000005
[INFO ][IOEXEC] [U] I/O Executive initializing...
[INFO ][IOEXEC] [U] Request queue SHM ID:0x00000009
[INFO ][IOEXEC] [U] Response queue SHM ID:0x0000000A
[INFO ][SYSMAN] [U] Starting Process Executive...
[INFO ][SYSMAN] [U] Module GRUB addr:0x00139000
[INFO ][SYSMAN] [U] Module size:0x00002A94
[INFO ][SYSMAN] [U] Process started, PID:0x00000006
[DEBUG][SYSCALL] SHM attach: PID/SHM:  0x00000006, 0x00000003
[INFO ][SHM] Attached to PID, virt addr:  0x00000006, 0x80300000
[DEBUG][SYSCALL] SHM create: PID/size:  0x00000006, 0x00002320
[DEBUG][PMM] Allocated contiguous block at 0x02534000
[INFO ][SHM] Created region, ID/size:  0x0000000B, 0x00003000
[DEBUG][SYSCALL] SHM attach: PID/SHM:  0x00000006, 0x0000000B
[INFO ][SHM] Attached to PID, virt addr:  0x00000006, 0x80B00000
[DEBUG][SYSCALL] SHM create: PID/size:  0x00000006, 0x00002220
[DEBUG][PMM] Allocated contiguous block at 0x02538000
[INFO ][SHM] Created region, ID/size:  0x0000000C, 0x00003000
[DEBUG][SYSCALL] SHM attach: PID/SHM:  0x00000006, 0x0000000C
[INFO ][SHM] Attached to PID, virt addr:  0x00000006, 0x80C00000
[DEBUG][SYSCALL] SHM attach: PID/SHM:  0x00000006, 0x00000005
[INFO ][SHM] Attached to PID, virt addr:  0x00000006, 0x80500000
[DEBUG][SYSCALL] SHM attach: PID/SHM:  0x00000006, 0x00000006
[INFO ][SHM] Attached to PID, virt addr:  0x00000006, 0x80600000
[DEBUG][SYSCALL] cell_write: key=system.gui.height
[DEBUG][CELL] Wrote cell, size:  0x00000004
[DEBUG][SYSCALL] cell_write: key=system.exec.io.resp_shm
[DEBUG][CELL] Wrote cell, size:  0x00000004
[DEBUG][SYSCALL] cell_write: key=system.exec.process.req_shm
[DEBUG][CELL] Wrote cell, size:  0x00000004
[INFO ][PROCEXEC] [U] Process Executive initializing...
[INFO ][PROCEXEC] [U] Request queue SHM ID:0x0000000B
[INFO ][PROCEXEC] [U] Response queue SHM ID:0x0000000C
[INFO ][SYSCALL] process_exec: base=0x10000000, data=0x13c000, size=8472, entry_off=0
[DEBUG][PMM] Allocated contiguous block at 0x0253D000
[DEBUG][PAGING] Cloned kernel page directory at 0x02560000
[DEBUG][PAGING] Mapped user region virt/pages:  0x10000000, 0x00000023
[INFO ][SCHED] Queued PID 7 (queue_count=1)
[INFO ][PROC] Created PID 7, entry=0x10000000, esp=0x61bfcc
[INFO ][PROC] Created from memory PID 7, base=0x10000000, bin=8472, alloc=143360
[INFO ][SCHED] Starting PID 7 from queue
[INFO ][SYSMAN] [U] Starting Memory Executive...
[INFO ][SYSMAN] [U] Module GRUB addr:0x0013C000
[INFO ][SYSMAN] [U] Module size:0x00002118
[INFO ][SYSMAN] [U] Process started, PID:0x00000007
[DEBUG][SYSCALL] cell_write: key=system.exec.process.resp_shm
[DEBUG][CELL] Wrote cell, size:  0x00000004
[DEBUG][SYSCALL] cell_write: key=system.gui.bpp
[DEBUG][CELL] Wrote cell, size:  0x00000004
[INFO ][SYSCALL] process_exec: base=0x10000000, data=0x13f000, size=9476, entry_off=0
[DEBUG][PMM] Allocated contiguous block at 0x02562000
[DEBUG][PAGING] Cloned kernel page directory at 0x02585000
[DEBUG][PAGING] Mapped user region virt/pages:  0x10000000, 0x00000023
[INFO ][SCHED] Queued PID 8 (queue_count=1)
[INFO ][PROC] Created PID 8, entry=0x10000000, esp=0x61ffcc
[INFO ][PROC] Created from memory PID 8, base=0x10000000, bin=9476, alloc=143360
[INFO ][SCHED] Starting PID 8 from queue
[DEBUG][SYSCALL] cell_write: key=system.gui.pitch
[DEBUG][CELL] Wrote cell, size:  0x00000004
[DEBUG][SYSCALL] cell_write: key=system.process.active_count
[DEBUG][CELL] Wrote cell, size:  0x00000004
[DEBUG][SYSCALL] dev_open: id/flags:  0x00000002, 0x00000000
[DEBUG][DEVMGR] open: ok id= 0x00000002, 0x00000000
[DEBUG][SYSCALL] SHM create: PID/size:  0x00000005, 0x00000110
[DEBUG][PMM] Allocated contiguous block at 0x02587000
[INFO ][SHM] Created region, ID/size:  0x0000000D, 0x00001000
[DEBUG][SYSCALL] SHM attach: PID/SHM:  0x00000005, 0x0000000D
[INFO ][SHM] Attached to PID, virt addr:  0x00000005, 0x80D00000
[INFO ][SYSMAN] [U] Starting Disk Executive...
[INFO ][SYSMAN] [U] Module GRUB addr:0x0013F000
[INFO ][SYSMAN] [U] Module size:0x00002504
[INFO ][SYSMAN] [U] Process started, PID:0x00000008
[INFO ][IOEXEC] [U] Keyboard device opened, handle:0x00000000
[DEBUG][SYSCALL] cell_write: key=system.io.keyboard.ring_shm
[DEBUG][CELL] Wrote cell, size:  0x00000004
[DEBUG][SYSCALL] cell_write: key=system.memory.total
[DEBUG][CELL] Wrote cell, size:  0x00000004
[INFO ][SYSCALL] process_exec: base=0x10000000, data=0x142000, size=8756, entry_off=0
[DEBUG][PMM] Allocated contiguous block at 0x02589000
[DEBUG][PAGING] Cloned kernel page directory at 0x025AC000
[DEBUG][PAGING] Mapped user region virt/pages:  0x10000000, 0x00000023
[INFO ][SCHED] Queued PID 9 (queue_count=1)
[INFO ][PROC] Created PID 9, entry=0x10000000, esp=0x623fcc
[INFO ][PROC] Created from memory PID 9, base=0x10000000, bin=8756, alloc=143360
[INFO ][SCHED] Starting PID 9 from queue
[DEBUG][SYSCALL] SHM attach: PID/SHM:  0x00000009, 0x00000003
[INFO ][SHM] Attached to PID, virt addr:  0x00000009, 0x80300000
[DEBUG][SYSCALL] SHM create: PID/size:  0x00000009, 0x00002320
[DEBUG][PMM] Allocated contiguous block at 0x025AE000
[INFO ][SHM] Created region, ID/size:  0x0000000E, 0x00003000
[DEBUG][SYSCALL] SHM attach: PID/SHM:  0x00000009, 0x0000000E
[INFO ][SHM] Attached to PID, virt addr:  0x00000009, 0x80E00000
[DEBUG][SYSCALL] SHM create: PID/size:  0x00000009, 0x00002220
[DEBUG][PMM] Allocated contiguous block at 0x025B2000
[INFO ][SHM] Created region, ID/size:  0x0000000F, 0x00003000
[DEBUG][SYSCALL] SHM attach: PID/SHM:  0x00000009, 0x0000000F
[INFO ][SHM] Attached to PID, virt addr:  0x00000009, 0x80F00000
[DEBUG][SYSCALL] SHM attach: PID/SHM:  0x00000009, 0x00000005
[INFO ][SHM] Attached to PID, virt addr:  0x00000009, 0x80500000
[DEBUG][SYSCALL] SHM attach: PID/SHM:  0x00000009, 0x00000006
[INFO ][SHM] Attached to PID, virt addr:  0x00000009, 0x80600000
[DEBUG][SYSCALL] cell_write: key=system.exec.fs.req_shm
[DEBUG][CELL] Wrote cell, size:  0x00000004
[DEBUG][SYSCALL] SHM attach: PID/SHM:  0x00000007, 0x00000003
[INFO ][SHM] Attached to PID, virt addr:  0x00000007, 0x80300000
[DEBUG][SYSCALL] SHM create: PID/size:  0x00000007, 0x00002320
[DEBUG][PMM] Allocated contiguous block at 0x025B6000
[INFO ][SHM] Created region, ID/size:  0x00000010, 0x00003000
[DEBUG][SYSCALL] SHM attach: PID/SHM:  0x00000007, 0x00000010
[INFO ][SHM] Attached to PID, virt addr:  0x00000007, 0x81000000
[DEBUG][SYSCALL] SHM create: PID/size:  0x00000007, 0x00002220
[DEBUG][PMM] Allocated contiguous block at 0x025BA000
[INFO ][SHM] Created region, ID/size:  0x00000011, 0x00003000
[DEBUG][SYSCALL] SHM attach: PID/SHM:  0x00000007, 0x00000011
[INFO ][SHM] Attached to PID, virt addr:  0x00000007, 0x81100000
[DEBUG][SYSCALL] SHM attach: PID/SHM:  0x00000007, 0x00000005
[INFO ][SHM] Attached to PID, virt addr:  0x00000007, 0x80500000
[DEBUG][SYSCALL] SHM attach: PID/SHM:  0x00000007, 0x00000006
[INFO ][SHM] Attached to PID, virt addr:  0x00000007, 0x80600000
[DEBUG][SYSCALL] SHM attach: PID/SHM:  0x00000008, 0x00000003
[INFO ][SHM] Attached to PID, virt addr:  0x00000008, 0x80300000
[DEBUG][SYSCALL] SHM create: PID/size:  0x00000008, 0x00002320
[DEBUG][PMM] Allocated contiguous block at 0x025BE000
[INFO ][SHM] Created region, ID/size:  0x00000012, 0x00003000
[DEBUG][SYSCALL] SHM attach: PID/SHM:  0x00000008, 0x00000012
[INFO ][SHM] Attached to PID, virt addr:  0x00000008, 0x81200000
[DEBUG][SYSCALL] SHM create: PID/size:  0x00000008, 0x00002220
[DEBUG][PMM] Allocated contiguous block at 0x025C2000
[INFO ][SHM] Created region, ID/size:  0x00000013, 0x00003000
[DEBUG][SYSCALL] SHM attach: PID/SHM:  0x00000008, 0x00000013
[INFO ][SHM] Attached to PID, virt addr:  0x00000008, 0x81300000
[DEBUG][SYSCALL] SHM attach: PID/SHM:  0x00000008, 0x00000005
[INFO ][SHM] Attached to PID, virt addr:  0x00000008, 0x80500000
[DEBUG][SYSCALL] SHM attach: PID/SHM:  0x00000008, 0x00000006
[INFO ][SHM] Attached to PID, virt addr:  0x00000008, 0x80600000
[INFO ][IOEXEC] [U] Keyboard ring buffer SHM ID:0x0000000D
[INFO ][IOEXEC] [U] I/O Executive initialized successfully
[INFO ][IOEXEC] [U] Entering main loop...
[INFO ][SYSMAN] [U] Starting Filesystem Executive...
[INFO ][SYSMAN] [U] Module GRUB addr:0x00142000
[INFO ][SYSMAN] [U] Module size:0x00002234
[INFO ][SYSMAN] [U] Process started, PID:0x00000009
[INFO ][FSEXEC] [U] Filesystem Executive initializing...
[INFO ][FSEXEC] [U] Request queue SHM ID:0x0000000E
[INFO ][FSEXEC] [U] Response queue SHM ID:0x0000000F
[INFO ][GUIEXEC] [U] Display info published to cells
[INFO ][GUIEXEC] [U] GUI Executive initialized successfully
[INFO ][GUIEXEC] [U] Entering main loop...
[INFO ][MEMEXEC] [U] Memory Executive initializing...
[INFO ][MEMEXEC] [U] Request queue SHM ID:0x00000010
[INFO ][MEMEXEC] [U] Response queue SHM ID:0x00000011
[INFO ][DISKEXEC] [U] Disk Executive initializing...
[INFO ][DISKEXEC] [U] Request queue SHM ID:0x00000012
[INFO ][DISKEXEC] [U] Response queue SHM ID:0x00000013
[DEBUG][SYSCALL] SHM attach: PID/SHM:  0x00000001, 0x00000005
[INFO ][SHM] Attached to PID, virt addr:  0x00000001, 0x80500000
[DEBUG][SYSCALL] SHM attach: PID/SHM:  0x00000001, 0x00000006
[INFO ][SHM] Attached to PID, virt addr:  0x00000001, 0x80600000
[DEBUG][SYSCALL] cell_write: key=system.memory.free
[DEBUG][CELL] Wrote cell, size:  0x00000004
[DEBUG][SYSCALL] cell_write: key=system.exec.memory.req_shm
[DEBUG][CELL] Wrote cell, size:  0x00000004
[DEBUG][SYSCALL] cell_write: key=system.exec.disk.req_shm
[DEBUG][CELL] Wrote cell, size:  0x00000004
[DEBUG][SYSCALL] cell_write: key=system.app.terminal.module
[DEBUG][CELL] Wrote cell, size:  0x00000004
[DEBUG][SYSCALL] cell_write: key=system.exec.fs.resp_shm
[DEBUG][CELL] Wrote cell, size:  0x00000004
[INFO ][SYSMAN] [U] Preparing Orbit + Terminal...
[DEBUG][SYSCALL] cell_write: key=system.exec.disk.resp_shm
[DEBUG][CELL] Wrote cell, size:  0x00000004
[DEBUG][SYSCALL] cell_write: key=system.exec.memory.resp_shm
[DEBUG][CELL] Wrote cell, size:  0x00000004
[DEBUG][SYSCALL] cell_write: key=system.memory.used
[DEBUG][CELL] Wrote cell, size:  0x00000004
[DEBUG][SYSCALL] cell_write: key=system.fs.type
[DEBUG][CELL] Wrote cell, size:  0x00000004
[INFO ][FSEXEC] [U] Filesystem Executive initialized (ISO9660)
[INFO ][FSEXEC] [U] Entering main loop...
[DEBUG][SYSCALL] dev_open: id/flags:  0x00000004, 0x00000000
[DEBUG][DEVMGR] open: ok id= 0x00000004, 0x00000000
[DEBUG][DEVMGR] ioctl: id= 0x00000004, 0x00000000
[DEBUG][DEVMGR] ioctl: id= 0x00000004, 0xFFFFFFFF
[DEBUG][SYSCALL] cell_write: key=system.disk.count
[DEBUG][CELL] Wrote cell, size:  0x00000004
[INFO ][MEMEXEC] [U] Memory Executive initialized successfully
[INFO ][MEMEXEC] [U] Entering main loop...
[INFO ][DISKEXEC] [U] DEV_DISK open handle:0x00000000
[INFO ][DISKEXEC] [U] Found disk index:0x00000000
[INFO ][DISKEXEC] [U] CD-ROM
[INFO ][DISKEXEC] [U]   Size MB:0x000002BC
[INFO ][DISKEXEC] [U] Total disks found:0x00000001
[DEBUG][SYSCALL] cell_write: key=system.memory.total
[DEBUG][CELL] Wrote cell, size:  0x00000004
[INFO ][PROCEXEC] [U] Process Executive initialized successfully
[INFO ][PROCEXEC] [U] Entering main loop...
[INFO ][SYSCALL] process_exec: base=0x10000000, data=0x149000, size=12940, entry_off=0
[DEBUG][PMM] Allocated contiguous block at 0x025C7000
[DEBUG][PAGING] Cloned kernel page directory at 0x025EB000
[DEBUG][PAGING] Mapped user region virt/pages:  0x10000000, 0x00000024
[INFO ][SCHED] Queued PID 10 (queue_count=1)
[INFO ][PROC] Created PID 10, entry=0x10000000, esp=0x627fcc
[INFO ][PROC] Created from memory PID 10, base=0x10000000, bin=12940, alloc=147456
[DEBUG][SYSCALL] SHM attach: PID/SHM:  0x00000001, 0x0000000B
[INFO ][SHM] Attached to PID, virt addr:  0x00000001, 0x80B00000
[DEBUG][SYSCALL] SHM attach: PID/SHM:  0x00000001, 0x0000000C
[INFO ][SHM] Attached to PID, virt addr:  0x00000001, 0x80C00000
[INFO ][SCHED] Starting PID 10 from queue
[DEBUG][SYSCALL] cell_write: key=system.disk.0.type
[DEBUG][CELL] Wrote cell, size:  0x00000004
[DEBUG][SYSCALL] cell_write: key=system.memory.free
[DEBUG][CELL] Wrote cell, size:  0x00000004
[DEBUG][SYSCALL] SHM attach: PID/SHM:  0x0000000A, 0x00000003
[INFO ][SHM] Attached to PID, virt addr:  0x0000000A, 0x80300000
[DEBUG][SYSCALL] cell_write: key=system.memory.used
[DEBUG][CELL] Wrote cell, size:  0x00000004
[DEBUG][SYSCALL] cell_write: key=system.disk.0.size
[DEBUG][CELL] Wrote cell, size:  0x00000004
[INFO ][SYSMAN] [U] Terminal module cell published
[INFO ][SYSMAN] [U] Module GRUB addr:0x00149000
[INFO ][SYSMAN] [U] Module size:0x0000328C
[INFO ][SYSMAN] [U] Process started, PID:0x0000000A
[INFO ][SYSMAN] [U] Orbit started, PID:0x0000000A
[INFO ][ORBIT] [U] ========================================
[INFO ][ORBIT] [U]   Orbit Desktop Shell Starting
[INFO ][ORBIT] [U] ========================================
[INFO ][ORBIT] [U] Desktop background drawn
[DEBUG][SYSCALL] cell_write: key=system.disk.0.stat
[DEBUG][CELL] Wrote cell, size:  0x00000004
[DEBUG][SYSCALL] cell_write: key=system.memory.total
[DEBUG][CELL] Wrote cell, size:  0x00000004
[INFO ][DISKEXEC] [U] Disk Executive initialized successfully
[INFO ][DISKEXEC] [U] Entering main loop...
[INFO ][SYSMAN] [U] ========================================
[INFO ][SYSMAN] [U]   All loaded. Process count:0x0000000A
[INFO ][SYSMAN] [U]   Executives + Orbit running
[INFO ][SYSMAN] [U] ========================================
[DEBUG][SYSCALL] cell_write: key=system.memory.free
[DEBUG][CELL] Wrote cell, size:  0x00000004
[DEBUG][SYSCALL] SHM attach: PID/SHM:  0x0000000A, 0x00000005
[INFO ][SHM] Attached to PID, virt addr:  0x0000000A, 0x80500000
[DEBUG][SYSCALL] SHM attach: PID/SHM:  0x0000000A, 0x00000006
[INFO ][SHM] Attached to PID, virt addr:  0x0000000A, 0x80600000
[DEBUG][SYSCALL] cell_write: key=system.memory.used
[DEBUG][CELL] Wrote cell, size:  0x00000004
[DEBUG][SYSCALL] SHM attach: PID/SHM:  0x0000000A, 0x0000000B
[INFO ][SHM] Attached to PID, virt addr:  0x0000000A, 0x80B00000
[DEBUG][SYSCALL] SHM attach: PID/SHM:  0x0000000A, 0x0000000C
[INFO ][SHM] Attached to PID, virt addr:  0x0000000A, 0x80C00000
[INFO ][SYSCALL] process_exec: base=0x10000000, data=0x14d000, size=37260, entry_off=0
[DEBUG][PMM] Allocated contiguous block at 0x025F2000
[DEBUG][PAGING] Cloned kernel page directory at 0x0261C000
[DEBUG][PAGING] Mapped user region virt/pages:  0x10000000, 0x0000002A
[INFO ][SCHED] Queued PID 11 (queue_count=1)
[INFO ][PROC] Created PID 11, entry=0x10000000, esp=0x62bfcc
[INFO ][PROC] Created from memory PID 11, base=0x10000000, bin=37260, alloc=172032
[INFO ][SCHED] Starting PID 11 from queue
[DEBUG][SYSCALL] SHM attach: PID/SHM:  0x0000000B, 0x00000003
[INFO ][SHM] Attached to PID, virt addr:  0x0000000B, 0x80300000
[DEBUG][SYSCALL] SHM attach: PID/SHM:  0x0000000B, 0x0000000D
[INFO ][SHM] Attached to PID, virt addr:  0x0000000B, 0x80D00000
[DEBUG][SYSCALL] cell_write: key=system.process.active_count
[DEBUG][CELL] Wrote cell, size:  0x00000004
[DEBUG][SYSCALL] cell_write: key=system.memory.total
[DEBUG][CELL] Wrote cell, size:  0x00000004
[INFO ][ORBIT] [U] Terminal module index:0x0000000A
[INFO ][PROCEXEC] [U] Create: module_index=0x0000000A
[INFO ][PROCEXEC] [U] Module addr:0x0014D000
[INFO ][PROCEXEC] [U] Module size:0x0000918C
[INFO ][PROCEXEC] [U] Process created, PID:0x0000000B
[INFO ][TERM] [U] ========================================
[INFO ][TERM] [U]   MaahiOS Terminal Starting
[INFO ][TERM] [U] ========================================
[INFO ][TERM] [U] Framebuffer at:0xFD000000
[INFO ][TERM] [U] Terminal ready, entering input loop
[INFO ][ORBIT] [U] Terminal launched, PID:0x0000000B
[INFO ][ORBIT] [U] Orbit running. Entering idle loop.
[DEBUG][SYSCALL] cell_write: key=system.memory.free
[DEBUG][CELL] Wrote cell, size:  0x00000004
[DEBUG][SYSCALL] cell_write: key=system.memory.used
[DEBUG][CELL] Wrote cell, size:  0x00000004
[DEBUG][SYSCALL] cell_write: key=system.memory.total
[DEBUG][CELL] Wrote cell, size:  0x00000004
[DEBUG][SYSCALL] cell_write: key=system.memory.free
[DEBUG][CELL] Wrote cell, size:  0x00000004
[DEBUG][SYSCALL] cell_write: key=system.memory.used
[DEBUG][CELL] Wrote cell, size:  0x00000004
[DEBUG][SYSCALL] cell_write: key=system.memory.total
[DEBUG][CELL] Wrote cell, size:  0x00000004
[DEBUG][SYSCALL] cell_write: key=system.memory.free
[DEBUG][CELL] Wrote cell, size:  0x00000004
[DEBUG][SYSCALL] cell_write: key=system.memory.used
[DEBUG][CELL] Wrote cell, size:  0x00000004
[DEBUG][SYSCALL] cell_write: key=system.memory.total
[DEBUG][CELL] Wrote cell, size:  0x00000004
[DEBUG][SYSCALL] cell_write: key=system.memory.free
[DEBUG][CELL] Wrote cell, size:  0x00000004
[DEBUG][SYSCALL] cell_write: key=system.memory.used
[DEBUG][CELL] Wrote cell, size:  0x00000004
[DEBUG][SYSCALL] cell_write: key=system.memory.total
[DEBUG][CELL] Wrote cell, size:  0x00000004
[DEBUG][SYSCALL] cell_write: key=system.memory.free
[DEBUG][CELL] Wrote cell, size:  0x00000004
[DEBUG][SYSCALL] cell_write: key=system.memory.used
[DEBUG][CELL] Wrote cell, size:  0x00000004
[DEBUG][SYSCALL] cell_write: key=system.memory.total
[DEBUG][CELL] Wrote cell, size:  0x00000004
[DEBUG][SYSCALL] cell_write: key=system.memory.free
[DEBUG][CELL] Wrote cell, size:  0x00000004
[DEBUG][SYSCALL] cell_write: key=system.memory.used
[DEBUG][CELL] Wrote cell, size:  0x00000004
[DEBUG][SYSCALL] cell_write: key=system.memory.total
[DEBUG][CELL] Wrote cell, size:  0x00000004
[DEBUG][SYSCALL] cell_write: key=system.memory.free
[DEBUG][CELL] Wrote cell, size:  0x00000004
[DEBUG][SYSCALL] cell_write: key=system.memory.used
[DEBUG][CELL] Wrote cell, size:  0x00000004
[DEBUG][SYSCALL] cell_write: key=system.memory.total
[DEBUG][CELL] Wrote cell, size:  0x00000004
[DEBUG][SYSCALL] cell_write: key=system.memory.free
[DEBUG][CELL] Wrote cell, size:  0x00000004
[DEBUG][SYSCALL] cell_write: key=system.memory.used
[DEBUG][CELL] Wrote cell, size:  0x00000004
[DEBUG][SYSCALL] cell_write: key=system.memory.total
[DEBUG][CELL] Wrote cell, size:  0x00000004
[DEBUG][SYSCALL] cell_write: key=system.memory.free
[DEBUG][CELL] Wrote cell, size:  0x00000004
[DEBUG][SYSCALL] cell_write: key=system.memory.used
[DEBUG][CELL] Wrote cell, size:  0x00000004
[DEBUG][SYSCALL] cell_write: key=system.memory.total
[DEBUG][CELL] Wrote cell, size:  0x00000004
[DEBUG][SYSCALL] cell_write: key=system.memory.free
[DEBUG][CELL] Wrote cell, size:  0x00000004
[DEBUG][SYSCALL] cell_write: key=system.memory.used
[DEBUG][CELL] Wrote cell, size:  0x00000004
[DEBUG][SYSCALL] cell_write: key=system.memory.total
[DEBUG][CELL] Wrote cell, size:  0x00000004
[DEBUG][SYSCALL] cell_write: key=system.memory.free
[DEBUG][CELL] Wrote cell, size:  0x00000004
[DEBUG][SYSCALL] cell_write: key=system.memory.used
[DEBUG][CELL] Wrote cell, size:  0x00000004
[DEBUG][SYSCALL] cell_write: key=system.memory.total
[DEBUG][CELL] Wrote cell, size:  0x00000004
[DEBUG][SYSCALL] cell_write: key=system.memory.free
[DEBUG][CELL] Wrote cell, size:  0x00000004
[DEBUG][SYSCALL] cell_write: key=system.memory.used
[DEBUG][CELL] Wrote cell, size:  0x00000004
[DEBUG][SYSCALL] cell_write: key=system.memory.total
[DEBUG][CELL] Wrote cell, size:  0x00000004
[DEBUG][SYSCALL] cell_write: key=system.memory.free
[DEBUG][CELL] Wrote cell, size:  0x00000004
[DEBUG][SYSCALL] cell_write: key=system.memory.used
[DEBUG][CELL] Wrote cell, size:  0x00000004
[DEBUG][SYSCALL] cell_write: key=system.memory.total
[DEBUG][CELL] Wrote cell, size:  0x00000004
[DEBUG][SYSCALL] cell_write: key=system.memory.free
[DEBUG][CELL] Wrote cell, size:  0x00000004
[DEBUG][SYSCALL] cell_write: key=system.memory.used
[DEBUG][CELL] Wrote cell, size:  0x00000004
[DEBUG][SYSCALL] cell_write: key=system.memory.total
[DEBUG][CELL] Wrote cell, size:  0x00000004
[DEBUG][SYSCALL] cell_write: key=system.memory.free
[DEBUG][CELL] Wrote cell, size:  0x00000004
[DEBUG][SYSCALL] cell_write: key=system.memory.used
[DEBUG][CELL] Wrote cell, size:  0x00000004
[DEBUG][SYSCALL] cell_write: key=system.memory.total
[DEBUG][CELL] Wrote cell, size:  0x00000004
[DEBUG][SYSCALL] cell_write: key=system.memory.free
[DEBUG][CELL] Wrote cell, size:  0x00000004
[DEBUG][SYSCALL] cell_write: key=system.memory.used
[DEBUG][CELL] Wrote cell, size:  0x00000004
[DEBUG][SYSCALL] cell_write: key=system.memory.total
[DEBUG][CELL] Wrote cell, size:  0x00000004
[DEBUG][SYSCALL] cell_write: key=system.memory.free
[DEBUG][CELL] Wrote cell, size:  0x00000004
[DEBUG][SYSCALL] cell_write: key=system.memory.used
[DEBUG][CELL] Wrote cell, size:  0x00000004
[DEBUG][SYSCALL] cell_write: key=system.memory.total
[DEBUG][CELL] Wrote cell, size:  0x00000004
[DEBUG][SYSCALL] cell_write: key=system.memory.free
[DEBUG][CELL] Wrote cell, size:  0x00000004
[DEBUG][SYSCALL] cell_write: key=system.memory.used
[DEBUG][CELL] Wrote cell, size:  0x00000004
[DEBUG][SYSCALL] cell_write: key=system.memory.total
[DEBUG][CELL] Wrote cell, size:  0x00000004
[DEBUG][SYSCALL] cell_write: key=system.memory.free
[DEBUG][CELL] Wrote cell, size:  0x00000004
[DEBUG][SYSCALL] cell_write: key=system.memory.used
[DEBUG][CELL] Wrote cell, size:  0x00000004
[DEBUG][SYSCALL] cell_write: key=system.memory.total
[DEBUG][CELL] Wrote cell, size:  0x00000004
[DEBUG][SYSCALL] cell_write: key=system.memory.free
[DEBUG][CELL] Wrote cell, size:  0x00000004
[DEBUG][SYSCALL] cell_write: key=system.memory.used
[DEBUG][CELL] Wrote cell, size:  0x00000004
[DEBUG][SYSCALL] cell_write: key=system.memory.total
[DEBUG][CELL] Wrote cell, size:  0x00000004
[DEBUG][SYSCALL] cell_write: key=system.memory.free
[DEBUG][CELL] Wrote cell, size:  0x00000004
[DEBUG][SYSCALL] cell_write: key=system.memory.used
[DEBUG][CELL] Wrote cell, size:  0x00000004
[DEBUG][SYSCALL] cell_write: key=system.memory.total
[DEBUG][CELL] Wrote cell, size:  0x00000004
[DEBUG][SYSCALL] cell_write: key=system.memory.free
[DEBUG][CELL] Wrote cell, size:  0x00000004
[DEBUG][SYSCALL] cell_write: key=system.memory.used
[DEBUG][CELL] Wrote cell, size:  0x00000004
[DEBUG][SYSCALL] cell_write: key=system.memory.total
[DEBUG][CELL] Wrote cell, size:  0x00000004
[DEBUG][SYSCALL] cell_write: key=system.memory.free
[DEBUG][CELL] Wrote cell, size:  0x00000004
[DEBUG][SYSCALL] cell_write: key=system.memory.used
[DEBUG][CELL] Wrote cell, size:  0x00000004
[DEBUG][SYSCALL] cell_write: key=system.memory.total
[DEBUG][CELL] Wrote cell, size:  0x00000004
[DEBUG][SYSCALL] cell_write: key=system.memory.free
[DEBUG][CELL] Wrote cell, size:  0x00000004
[DEBUG][SYSCALL] cell_write: key=system.memory.used
[DEBUG][CELL] Wrote cell, size:  0x00000004
[DEBUG][SYSCALL] cell_write: key=system.memory.total
[DEBUG][CELL] Wrote cell, size:  0x00000004
[DEBUG][SYSCALL] cell_write: key=system.memory.free
[DEBUG][CELL] Wrote cell, size:  0x00000004
[DEBUG][SYSCALL] cell_write: key=system.memory.used
[DEBUG][CELL] Wrote cell, size:  0x00000004
[DEBUG][SYSCALL] cell_write: key=system.memory.total
[DEBUG][CELL] Wrote cell, size:  0x00000004
[DEBUG][SYSCALL] cell_write: key=system.memory.free
[DEBUG][CELL] Wrote cell, size:  0x00000004
[DEBUG][SYSCALL] cell_write: key=system.memory.used
[DEBUG][CELL] Wrote cell, size:  0x00000004
[DEBUG][SYSCALL] cell_write: key=system.memory.total
[DEBUG][CELL] Wrote cell, size:  0x00000004
[DEBUG][SYSCALL] cell_write: key=system.memory.free
[DEBUG][CELL] Wrote cell, size:  0x00000004
[DEBUG][SYSCALL] cell_write: key=system.memory.used
[DEBUG][CELL] Wrote cell, size:  0x00000004
[DEBUG][SYSCALL] cell_write: key=system.memory.total
[DEBUG][CELL] Wrote cell, size:  0x00000004
[DEBUG][SYSCALL] cell_write: key=system.memory.free
[DEBUG][CELL] Wrote cell, size:  0x00000004
[DEBUG][SYSCALL] cell_write: key=system.memory.used
[DEBUG][CELL] Wrote cell, size:  0x00000004
[DEBUG][SYSCALL] cell_write: key=system.memory.total
[DEBUG][CELL] Wrote cell, size:  0x00000004
[DEBUG][SYSCALL] cell_write: key=system.memory.free
[DEBUG][CELL] Wrote cell, size:  0x00000004
[DEBUG][SYSCALL] cell_write: key=system.memory.used
[DEBUG][CELL] Wrote cell, size:  0x00000004
[DEBUG][SYSCALL] SHM attach: PID/SHM:  0x0000000B, 0x0000000B
[DEBUG][SYSCALL] cell_write: key=system.memory.total
[DEBUG][CELL] Wrote cell, size:  0x00000004
[INFO ][SHM] Attached to PID, virt addr:  0x0000000B, 0x80B00000
[DEBUG][SYSCALL] SHM attach: PID/SHM:  0x0000000B, 0x0000000C
[INFO ][SHM] Attached to PID, virt addr:  0x0000000B, 0x80C00000
[DEBUG][SYSCALL] cell_write: key=system.memory.free
[DEBUG][CELL] Wrote cell, size:  0x00000004
[DEBUG][SYSCALL] cell_write: key=system.memory.used
[DEBUG][CELL] Wrote cell, size:  0x00000004
[INFO ][SYSCALL] System restart requested
[INFO ][KERNEL] === MaahiOS Boot Started ===
[INFO ][KERNEL] Kernel logger initialized (256 entry buffer)
[INFO ][PMM] Initializing Physical Memory Manager
[INFO ][PMM] Initialized: 130784 pages (510 MB), bitmap at 0x157000
[INFO ][PMM] PMM initialized successfully
[INFO ][PAGING] Initializing virtual memory
[INFO ][PAGING] Initialized: identity mapped 128MB, page dir at 0x12e000
[INFO ][PAGING] Paging initialized successfully
[INFO ][GDT] Initializing Global Descriptor Table
[INFO ][GDT] 6 entries configured (null,kcode,kdata,ucode,udata,tss)
[INFO ][GDT] GDT and TSS loaded successfully
[INFO ][GDT] GDT loaded successfully
[INFO ][IDT] Initializing Interrupt Descriptor Table
[DEBUG][IDT] Initializing IDT (256 entries)
[INFO ][IDT] IDT initialized (256 entries cleared)
[INFO ][IDT] IDT loaded into CPU
[INFO ][IDT] IDT loaded successfully
[INFO ][IRQ] Remapping PIC (IRQ 0-15 to INT 0x20-0x2F)
[INFO ][IRQ] PIC remapped (IRQ 0-15 -> INT 0x20-0x2F)
[DEBUG][IDT] Installing exception handlers (0-19)
[INFO ][IDT] Exception handlers (0-19), syscall (0x80), IRQ0/1 installed
[INFO ][IDT] Exception handlers installed
[INFO ][BGA] Checking BGA hardware availability
[INFO ][BGA] Initializing BGA 1024x768x32
[INFO ][BGA] Initializing BGA hardware driver
[INFO ][BGA] Mode set, framebuffer mapped
[INFO ][BGA] BGA initialized successfully
[INFO ][DISPLAY] Initializing graphics subsystem
[INFO ][BGA] Initializing BGA hardware driver
[INFO ][BGA] Mode set, framebuffer mapped
[INFO ][DISPLAY] BGA driver active
[INFO ][GFX] Graphics layer initialized
[INFO ][KHEAP] Initializing kernel heap
[INFO ][KHEAP] Initialized: 4MB heap at 0x1000000
[INFO ][KHEAP] Kernel heap initialized
[INFO ][SHM] Initializing shared memory manager
[INFO ][SHM] Initializing shared memory manager...
[INFO ][SHM] Manager initialized, max regions:  0x00000040
[INFO ][CELL] Initializing cell manager (key-value store)
[INFO ][CELL] Initializing cell manager...
[INFO ][CELL] Cell data size (bytes):  0x00018C08
[DEBUG][PMM] Allocated contiguous block at 0x02421000
[INFO ][SHM] Created region, ID/size:  0x00000001, 0x00019000
[INFO ][CELL] Initialized, SHM ID/cells:  0x00000001, 0x00000100
[INFO ][CELL] Creating root hive structure...
[DEBUG][CELL] Wrote cell, size:  0x00000004
[DEBUG][CELL] Wrote cell, size:  0x00000004
[DEBUG][CELL] Wrote cell, size:  0x00000004
[DEBUG][CELL] Wrote cell, size:  0x00000004
[DEBUG][CELL] Wrote cell, size:  0x00000004
[DEBUG][CELL] Wrote cell, size:  0x00000004
[DEBUG][CELL] Wrote cell, size:  0x00000004
[DEBUG][CELL] Wrote cell, size:  0x00000004
[INFO ][CELL] Root hives created, cells used:  0x00000008
[INFO ][PROC] Initializing process manager
[INFO ][PROC] Initialized: kernel stacks 0x600000-0x700000, user stacks 0x200000-0x600000
[INFO ][PROC] Process manager initialized
[INFO ][SCHED] Initializing scheduler
[INFO ][SCHED] Initialized
[INFO ][SCHED] Scheduler initialized
[INFO ][PIT] Initializing PIT timer (50Hz)
[INFO ][PIT] Initialized at 50 Hz (divisor=23863)
[INFO ][PIT] PIT timer initialized
[INFO ][KERNEL] Initializing Device Manager (auto-discovery)
[INFO ][DEVMGR] === Device Manager Auto-Init ===
[INFO ][DEVMGR] Initializing driver:
[INFO ][DEVMGR] disk
[INFO ][DISK] Initializing disk subsystem
[INFO ][ATA] Initializing ATA/ATAPI driver
[INFO ][ATA] Secondary Master: ATAPI
[INFO ][ATA] ATA driver initialization complete
[INFO ][DISK] Scanning for ATA/ATAPI drives
[INFO ][DISK] Found: CD-ROM (C:)
[INFO ][DISK] Scan complete: 1 drive(s) found
[INFO ][ISO9660] Initializing ISO9660 filesystem driver
[INFO ][ISO9660] Found ATAPI drive at index 2
[INFO ][ISO9660] Root directory at LBA 0x00000014
[INFO ][ISO9660] Filesystem initialization complete
[INFO ][DEVMGR] Device registered id= 0x00000004
[INFO ][DISK] Disk subsystem initialized and registered
[INFO ][DEVMGR]   -> OK
[INFO ][DEVMGR] Initializing driver:
[INFO ][DEVMGR] display
[INFO ][DEVMGR] Device registered id= 0x00000003
[INFO ][DISPLAY] Registered as DEV_DISPLAY
[INFO ][DEVMGR]   -> OK
[INFO ][DEVMGR] Initializing driver:
[INFO ][DEVMGR] mouse
[INFO ][MOUSE] Initializing PS/2 mouse driver
[DEBUG][MOUSE] Installing IRQ12 handler
[INFO ][IDT] Mouse handler installed (IRQ12 -> INT 44)
[DEBUG][IRQ] Enabled IRQ 0x00000004
[INFO ][DEVMGR] Device registered id= 0x00000001
[DEBUG][MOUSE] Initializing hardware cursor
[INFO ][MOUSE] Driver initialized and registered
[INFO ][DEVMGR]   -> OK
[INFO ][DEVMGR] Initializing driver:
[INFO ][DEVMGR] keyboard
[INFO ][DEVMGR] Device registered id= 0x00000002
[INFO ][KEYBOARD] Initialized and registered
[INFO ][DEVMGR]   -> OK
[INFO ][DEVMGR] Initializing driver:
[INFO ][DEVMGR] rtc
[INFO ][DEVMGR] Device registered id= 0x00000007
[INFO ][RTC] Driver initialized
[INFO ][DEVMGR]   -> OK
[INFO ][DEVMGR] Drivers initialized:  0x00000005
[INFO ][DEVMGR] === Device Manager Ready ===
[INFO ][GRUBMOD] Initializing GRUB module manager
[INFO ][GRUBMOD] Initializing GRUB module manager...
[DEBUG][GRUBMOD] Module idx/addr:  0x00000000, 0x00132000
[DEBUG][GRUBMOD] Module idx/addr:  0x00000001, 0x00136000
[DEBUG][GRUBMOD] Module idx/addr:  0x00000002, 0x00137000
[DEBUG][GRUBMOD] Module idx/addr:  0x00000003, 0x00139000
[DEBUG][GRUBMOD] Module idx/addr:  0x00000004, 0x0013C000
[DEBUG][GRUBMOD] Module idx/addr:  0x00000005, 0x0013F000
[DEBUG][GRUBMOD] Module idx/addr:  0x00000006, 0x00142000
[DEBUG][GRUBMOD] Module idx/addr:  0x00000007, 0x00145000
[DEBUG][GRUBMOD] Module idx/addr:  0x00000008, 0x00147000
[DEBUG][GRUBMOD] Module idx/addr:  0x00000009, 0x00149000
[DEBUG][GRUBMOD] Module idx/addr:  0x0000000A, 0x0014D000
[INFO ][GRUBMOD] Manager initialized, modules:  0x0000000B
[INFO ][TIME] Initializing time manager
[DEBUG][PMM] Allocated contiguous block at 0x0243A000
[INFO ][SHM] Created region, ID/size:  0x00000002, 0x00001000
[INFO ][SHM] Attached to PID, virt addr:  0x00000000, 0x80200000
[INFO ][TIME] Manager initialized, shared SHM ID 0x00000002
[INFO ][SYSCALL] Initializing syscall manager
[INFO ][SYSCALL] Initializing syscall manager...
[DEBUG][SYSCALL] Core handlers registered (0-15)
[DEBUG][SYSCALL] Process handlers registered (16-31)
[DEBUG][SYSCALL] Memory handlers registered (32-47)
[DEBUG][SYSCALL] SHM handlers registered (48-63)
[DEBUG][SYSCALL] Cell handlers registered (64-79)
[DEBUG][SYSCALL] Device handlers registered (80-95)
[DEBUG][SYSCALL] Module handlers registered (96-111)
[INFO ][SYSCALL] Time handlers registered (112-117)
[INFO ][SYSCALL] Debug handlers registered (240-255)
[DEBUG][SYSCALL] Filesystem handlers registered (128-143)
[INFO ][SYSCALL] Manager initialized, handlers:  0x00000038
[INFO ][LOADER] Loading system modules from GRUB
[INFO ][LOADER] sysman module addr/size:  0x00132000, 0x000032E0
[INFO ][KERNEL] === Transitioning to Ring 3 ===
[INFO ][SCHED] Enabled
[INFO ][SCHED] Scheduler enabled
[DEBUG][PMM] Allocated contiguous block at 0x0243C000
[DEBUG][PAGING] Cloned kernel page directory at 0x02460000
[DEBUG][PAGING] Mapped user region virt/pages:  0x10000000, 0x00000024
[INFO ][SCHED] Queued PID 1 (queue_count=1)
[INFO ][PROC] Created PID 1, entry=0x10000000, esp=0x603fcc
[INFO ][PROC] Created from memory PID 1, base=0x10000000, bin=13024, alloc=147456
[INFO ][PROC] sysman created with PID 1 (per-process page dir)
[DEBUG][IRQ] Enabled IRQ 0x00000000
[INFO ][IRQ] Timer IRQ enabled
[INFO ][KERNEL] Enabling interrupts, entering idle loop (PID 0)
[INFO ][SCHED] Starting PID 1 from queue
[INFO ][SYSMAN] [U] ========================================
[INFO ][SYSMAN] [U]   Welcome to Sysman (PID 1)
[INFO ][SYSMAN] [U] ========================================
[INFO ][SYSMAN] [U] Starting Log Executive...
[INFO ][SYSMAN] [U] Module GRUB addr:0x00136000
[INFO ][SYSMAN] [U] Module size:0x00000D20
[INFO ][SYSCALL] process_exec: base=0x10000000, data=0x136000, size=3360, entry_off=0
[DEBUG][PMM] Allocated contiguous block at 0x02462000
[DEBUG][PAGING] Cloned kernel page directory at 0x02483000
[DEBUG][PAGING] Mapped user region virt/pages:  0x10000000, 0x00000021
[INFO ][SCHED] Queued PID 2 (queue_count=1)
[INFO ][PROC] Created PID 2, entry=0x10000000, esp=0x607fcc
[INFO ][PROC] Created from memory PID 2, base=0x10000000, bin=3360, alloc=135168
[INFO ][SYSMAN] [U] Process started, PID:0x00000002
[INFO ][SCHED] Starting PID 2 from queue
[INFO ][LOGEXEC] [U] Log Executive initializing...
[DEBUG][SYSCALL] SHM create: PID/size:  0x00000002, 0x00002320
[DEBUG][PMM] Allocated contiguous block at 0x02485000
[INFO ][SHM] Created region, ID/size:  0x00000003, 0x00003000
[DEBUG][SYSCALL] SHM attach: PID/SHM:  0x00000002, 0x00000003
[INFO ][SHM] Attached to PID, virt addr:  0x00000002, 0x80300000
[INFO ][LOGEXEC] [U] Request queue SHM ID:0x00000003
[DEBUG][SYSCALL] SHM create: PID/size:  0x00000002, 0x00002220
[DEBUG][PMM] Allocated contiguous block at 0x02488000
[INFO ][SHM] Created region, ID/size:  0x00000004, 0x00003000
[DEBUG][SYSCALL] SHM attach: PID/SHM:  0x00000002, 0x00000004
[INFO ][SHM] Attached to PID, virt addr:  0x00000002, 0x80400000
[INFO ][LOGEXEC] [U] Response queue SHM ID:0x00000004
[DEBUG][SYSCALL] cell_write: key=system.exec.log.req_shm
[DEBUG][CELL] Wrote cell, size:  0x00000004
[DEBUG][SYSCALL] cell_write: key=system.exec.log.resp_shm
[DEBUG][CELL] Wrote cell, size:  0x00000004
[INFO ][LOGEXEC] [U] Log Executive initialized successfully
[INFO ][LOGEXEC] [U] Entering main loop...
[DEBUG][SYSCALL] SHM attach: PID/SHM:  0x00000001, 0x00000003
[INFO ][SHM] Attached to PID, virt addr:  0x00000001, 0x80300000
[INFO ][SYSCALL] process_exec: base=0x10000000, data=0x137000, size=5720, entry_off=0
[DEBUG][PMM] Allocated contiguous block at 0x0248C000
[DEBUG][PAGING] Cloned kernel page directory at 0x024AE000
[DEBUG][PAGING] Mapped user region virt/pages:  0x10000000, 0x00000022
[INFO ][SCHED] Queued PID 3 (queue_count=1)
[INFO ][PROC] Created PID 3, entry=0x10000000, esp=0x60bfcc
[INFO ][PROC] Created from memory PID 3, base=0x10000000, bin=5720, alloc=139264
[INFO ][SCHED] Starting PID 3 from queue
[DEBUG][SYSCALL] SHM attach: PID/SHM:  0x00000003, 0x00000003
[INFO ][SHM] Attached to PID, virt addr:  0x00000003, 0x80300000
[DEBUG][SYSCALL] SHM create: PID/size:  0x00000003, 0x00002320
[DEBUG][PMM] Allocated contiguous block at 0x024B0000
[INFO ][SHM] Created region, ID/size:  0x00000005, 0x00003000
[DEBUG][SYSCALL] SHM attach: PID/SHM:  0x00000003, 0x00000005
[INFO ][SHM] Attached to PID, virt addr:  0x00000003, 0x80500000
[DEBUG][SYSCALL] SHM create: PID/size:  0x00000003, 0x00002220
[DEBUG][PMM] Allocated contiguous block at 0x024B4000
[INFO ][SHM] Created region, ID/size:  0x00000006, 0x00003000
[DEBUG][SYSCALL] SHM attach: PID/SHM:  0x00000003, 0x00000006
[INFO ][SHM] Attached to PID, virt addr:  0x00000003, 0x80600000
[DEBUG][SYSCALL] cell_write: key=system.exec.cell.req_shm
[DEBUG][CELL] Wrote cell, size:  0x00000004
[DEBUG][SYSCALL] cell_write: key=system.exec.cell.resp_shm
[DEBUG][CELL] Wrote cell, size:  0x00000004
[INFO ][SYSMAN] [U] Starting Cell Executive...
[INFO ][SYSMAN] [U] Module GRUB addr:0x00137000
[INFO ][SYSMAN] [U] Module size:0x00001658
[INFO ][SYSMAN] [U] Process started, PID:0x00000003
[INFO ][CELLEXEC] [U] Cell Executive initializing...
[INFO ][CELLEXEC] [U] Request queue SHM ID:0x00000005
[INFO ][CELLEXEC] [U] Response queue SHM ID:0x00000006
[INFO ][CELLEXEC] [U] Cell Executive initialized successfully
[INFO ][CELLEXEC] [U] Entering main loop...
[INFO ][SYSCALL] process_exec: base=0x10000000, data=0x145000, size=7804, entry_off=0
[DEBUG][PMM] Allocated contiguous block at 0x024B7000
[DEBUG][PAGING] Cloned kernel page directory at 0x024D9000
[DEBUG][PAGING] Mapped user region virt/pages:  0x10000000, 0x00000022
[INFO ][SCHED] Queued PID 4 (queue_count=1)
[INFO ][PROC] Created PID 4, entry=0x10000000, esp=0x60ffcc
[INFO ][PROC] Created from memory PID 4, base=0x10000000, bin=7804, alloc=139264
[INFO ][SCHED] Starting PID 4 from queue
[DEBUG][SYSCALL] SHM attach: PID/SHM:  0x00000004, 0x00000003
[INFO ][SHM] Attached to PID, virt addr:  0x00000004, 0x80300000
[DEBUG][SYSCALL] SHM create: PID/size:  0x00000004, 0x00002320
[DEBUG][PMM] Allocated contiguous block at 0x024DB000
[INFO ][SHM] Created region, ID/size:  0x00000007, 0x00003000
[DEBUG][SYSCALL] SHM attach: PID/SHM:  0x00000004, 0x00000007
[INFO ][SHM] Attached to PID, virt addr:  0x00000004, 0x80700000
[DEBUG][SYSCALL] SHM create: PID/size:  0x00000004, 0x00002220
[DEBUG][PMM] Allocated contiguous block at 0x024DF000
[INFO ][SHM] Created region, ID/size:  0x00000008, 0x00003000
[DEBUG][SYSCALL] SHM attach: PID/SHM:  0x00000004, 0x00000008
[INFO ][SHM] Attached to PID, virt addr:  0x00000004, 0x80800000
[DEBUG][SYSCALL] SHM attach: PID/SHM:  0x00000004, 0x00000005
[INFO ][SHM] Attached to PID, virt addr:  0x00000004, 0x80500000
[DEBUG][SYSCALL] SHM attach: PID/SHM:  0x00000004, 0x00000006
[INFO ][SHM] Attached to PID, virt addr:  0x00000004, 0x80600000
[INFO ][SYSMAN] [U] Starting GUI Executive...
[INFO ][SYSMAN] [U] Module GRUB addr:0x00145000
[INFO ][SYSMAN] [U] Module size:0x00001E7C
[INFO ][SYSMAN] [U] Process started, PID:0x00000004
[INFO ][GUIEXEC] [U] GUI Executive initializing...
[INFO ][GUIEXEC] [U] Request queue SHM ID:0x00000007
[INFO ][GUIEXEC] [U] Response queue SHM ID:0x00000008
[INFO ][SYSCALL] process_exec: base=0x10000000, data=0x147000, size=7904, entry_off=0
[DEBUG][PMM] Allocated contiguous block at 0x024E3000
[DEBUG][PAGING] Cloned kernel page directory at 0x02505000
[DEBUG][PAGING] Mapped user region virt/pages:  0x10000000, 0x00000022
[INFO ][SCHED] Queued PID 5 (queue_count=1)
[INFO ][PROC] Created PID 5, entry=0x10000000, esp=0x613fcc
[INFO ][PROC] Created from memory PID 5, base=0x10000000, bin=7904, alloc=139264
[INFO ][SCHED] Starting PID 5 from queue
[DEBUG][SYSCALL] cell_write: key=system.exec.gui.req_shm
[DEBUG][CELL] Wrote cell, size:  0x00000004
[INFO ][SYSMAN] [U] Starting I/O Executive...
[INFO ][SYSMAN] [U] Module GRUB addr:0x00147000
[INFO ][SYSMAN] [U] Module size:0x00001EE0
[INFO ][SYSMAN] [U] Process started, PID:0x00000005
[DEBUG][SYSCALL] SHM attach: PID/SHM:  0x00000005, 0x00000003
[INFO ][SHM] Attached to PID, virt addr:  0x00000005, 0x80300000
[DEBUG][SYSCALL] SHM create: PID/size:  0x00000005, 0x00002320
[DEBUG][PMM] Allocated contiguous block at 0x02507000
[INFO ][SHM] Created region, ID/size:  0x00000009, 0x00003000
[DEBUG][SYSCALL] SHM attach: PID/SHM:  0x00000005, 0x00000009
[INFO ][SHM] Attached to PID, virt addr:  0x00000005, 0x80900000
[DEBUG][SYSCALL] SHM create: PID/size:  0x00000005, 0x00002220
[DEBUG][PMM] Allocated contiguous block at 0x0250B000
[INFO ][SHM] Created region, ID/size:  0x0000000A, 0x00003000
[DEBUG][SYSCALL] SHM attach: PID/SHM:  0x00000005, 0x0000000A
[INFO ][SHM] Attached to PID, virt addr:  0x00000005, 0x80A00000
[DEBUG][SYSCALL] SHM attach: PID/SHM:  0x00000005, 0x00000005
[INFO ][SHM] Attached to PID, virt addr:  0x00000005, 0x80500000
[DEBUG][SYSCALL] SHM attach: PID/SHM:  0x00000005, 0x00000006
[INFO ][SHM] Attached to PID, virt addr:  0x00000005, 0x80600000
[INFO ][SYSCALL] process_exec: base=0x10000000, data=0x139000, size=10900, entry_off=0
[DEBUG][PMM] Allocated contiguous block at 0x0250F000
[DEBUG][PAGING] Cloned kernel page directory at 0x02532000
[DEBUG][PAGING] Mapped user region virt/pages:  0x10000000, 0x00000023
[INFO ][SCHED] Queued PID 6 (queue_count=1)
[INFO ][PROC] Created PID 6, entry=0x10000000, esp=0x617fcc
[INFO ][PROC] Created from memory PID 6, base=0x10000000, bin=10900, alloc=143360
[INFO ][SCHED] Starting PID 6 from queue
[DEBUG][SYSCALL] SHM attach: PID/SHM:  0x00000006, 0x00000003
[INFO ][SHM] Attached to PID, virt addr:  0x00000006, 0x80300000
[DEBUG][SYSCALL] SHM create: PID/size:  0x00000006, 0x00002320
[DEBUG][PMM] Allocated contiguous block at 0x02534000
[INFO ][SHM] Created region, ID/size:  0x0000000B, 0x00003000
[DEBUG][SYSCALL] SHM attach: PID/SHM:  0x00000006, 0x0000000B
[INFO ][SHM] Attached to PID, virt addr:  0x00000006, 0x80B00000
[DEBUG][SYSCALL] SHM create: PID/size:  0x00000006, 0x00002220
[DEBUG][PMM] Allocated contiguous block at 0x02538000
[INFO ][SHM] Created region, ID/size:  0x0000000C, 0x00003000
[DEBUG][SYSCALL] SHM attach: PID/SHM:  0x00000006, 0x0000000C
[INFO ][SHM] Attached to PID, virt addr:  0x00000006, 0x80C00000
[DEBUG][SYSCALL] SHM attach: PID/SHM:  0x00000006, 0x00000005
[INFO ][SHM] Attached to PID, virt addr:  0x00000006, 0x80500000
[DEBUG][SYSCALL] SHM attach: PID/SHM:  0x00000006, 0x00000006
[INFO ][SHM] Attached to PID, virt addr:  0x00000006, 0x80600000
[INFO ][IOEXEC] [U] I/O Executive initializing...
[INFO ][IOEXEC] [U] Request queue SHM ID:0x00000009
[INFO ][IOEXEC] [U] Response queue SHM ID:0x0000000A
[INFO ][SYSMAN] [U] Starting Process Executive...
[INFO ][SYSMAN] [U] Module GRUB addr:0x00139000
[INFO ][SYSMAN] [U] Module size:0x00002A94
[INFO ][SYSMAN] [U] Process started, PID:0x00000006
[INFO ][PROCEXEC] [U] Process Executive initializing...
[INFO ][PROCEXEC] [U] Request queue SHM ID:0x0000000B
[INFO ][PROCEXEC] [U] Response queue SHM ID:0x0000000C
[INFO ][SYSCALL] process_exec: base=0x10000000, data=0x13c000, size=8472, entry_off=0
[DEBUG][PMM] Allocated contiguous block at 0x0253D000
[DEBUG][PAGING] Cloned kernel page directory at 0x02560000
[DEBUG][PAGING] Mapped user region virt/pages:  0x10000000, 0x00000023
[INFO ][SCHED] Queued PID 7 (queue_count=1)
[INFO ][PROC] Created PID 7, entry=0x10000000, esp=0x61bfcc
[INFO ][PROC] Created from memory PID 7, base=0x10000000, bin=8472, alloc=143360
[INFO ][SCHED] Starting PID 7 from queue
[DEBUG][SYSCALL] SHM attach: PID/SHM:  0x00000007, 0x00000003
[INFO ][SHM] Attached to PID, virt addr:  0x00000007, 0x80300000
[DEBUG][SYSCALL] SHM create: PID/size:  0x00000007, 0x00002320
[DEBUG][PMM] Allocated contiguous block at 0x02562000
[INFO ][SHM] Created region, ID/size:  0x0000000D, 0x00003000
[DEBUG][SYSCALL] SHM attach: PID/SHM:  0x00000007, 0x0000000D
[INFO ][SHM] Attached to PID, virt addr:  0x00000007, 0x80D00000
[DEBUG][SYSCALL] SHM create: PID/size:  0x00000007, 0x00002220
[DEBUG][PMM] Allocated contiguous block at 0x02566000
[INFO ][SHM] Created region, ID/size:  0x0000000E, 0x00003000
[DEBUG][SYSCALL] SHM attach: PID/SHM:  0x00000007, 0x0000000E
[INFO ][SHM] Attached to PID, virt addr:  0x00000007, 0x80E00000
[DEBUG][SYSCALL] SHM attach: PID/SHM:  0x00000007, 0x00000005
[INFO ][SHM] Attached to PID, virt addr:  0x00000007, 0x80500000
[DEBUG][SYSCALL] SHM attach: PID/SHM:  0x00000007, 0x00000006
[INFO ][SHM] Attached to PID, virt addr:  0x00000007, 0x80600000
[DEBUG][SYSCALL] cell_write: key=system.exec.io.req_shm
[DEBUG][CELL] Wrote cell, size:  0x00000004
[DEBUG][SYSCALL] cell_write: key=system.exec.process.req_shm
[DEBUG][CELL] Wrote cell, size:  0x00000004
[DEBUG][SYSCALL] cell_write: key=system.exec.gui.resp_shm
[DEBUG][CELL] Wrote cell, size:  0x00000004
[DEBUG][SYSCALL] cell_write: key=system.exec.memory.req_shm
[DEBUG][CELL] Wrote cell, size:  0x00000004
[INFO ][SYSMAN] [U] Starting Memory Executive...
[INFO ][SYSMAN] [U] Module GRUB addr:0x0013C000
[INFO ][SYSMAN] [U] Module size:0x00002118
[INFO ][SYSMAN] [U] Process started, PID:0x00000007
[INFO ][MEMEXEC] [U] Memory Executive initializing...
[INFO ][MEMEXEC] [U] Request queue SHM ID:0x0000000D
[INFO ][MEMEXEC] [U] Response queue SHM ID:0x0000000E
[DEBUG][SYSCALL] cell_write: key=system.exec.memory.resp_shm
[DEBUG][CELL] Wrote cell, size:  0x00000004
[DEBUG][SYSCALL] cell_write: key=system.exec.process.resp_shm
[DEBUG][CELL] Wrote cell, size:  0x00000004
[INFO ][SYSCALL] process_exec: base=0x10000000, data=0x13f000, size=9476, entry_off=0
[DEBUG][PMM] Allocated contiguous block at 0x0256A000
[INFO ][SYSMAN] [U] Starting Disk Executive...
[INFO ][SYSMAN] [U] Module GRUB addr:0x0013F000
[INFO ][SYSMAN] [U] Module size:0x00002504
[DEBUG][PAGING] Cloned kernel page directory at 0x0258D000
[DEBUG][PAGING] Mapped user region virt/pages:  0x10000000, 0x00000023
[INFO ][SCHED] Queued PID 8 (queue_count=1)
[INFO ][PROC] Created PID 8, entry=0x10000000, esp=0x61ffcc
[INFO ][PROC] Created from memory PID 8, base=0x10000000, bin=9476, alloc=143360
[INFO ][SCHED] Starting PID 8 from queue
[DEBUG][SYSCALL] dev_open: id/flags:  0x00000003, 0x00000000
[DEBUG][DEVMGR] open: ok id= 0x00000003, 0x00000000
[DEBUG][DEVMGR] ioctl: id= 0x00000003, 0xFD000000
[DEBUG][SYSCALL] cell_write: key=system.gui.framebuffer
[DEBUG][CELL] Wrote cell, size:  0x00000004
[INFO ][SYSCALL] process_exec: base=0x10000000, data=0x142000, size=8756, entry_off=0
[DEBUG][PMM] Allocated contiguous block at 0x0258F000
[DEBUG][PAGING] Cloned kernel page directory at 0x025B2000
[DEBUG][PAGING] Mapped user region virt/pages:  0x10000000, 0x00000023
[INFO ][SCHED] Queued PID 9 (queue_count=1)
[INFO ][PROC] Created PID 9, entry=0x10000000, esp=0x623fcc
[INFO ][PROC] Created from memory PID 9, base=0x10000000, bin=8756, alloc=143360
[INFO ][SCHED] Starting PID 9 from queue
[DEBUG][SYSCALL] SHM attach: PID/SHM:  0x00000009, 0x00000003
[INFO ][SHM] Attached to PID, virt addr:  0x00000009, 0x80300000
[DEBUG][SYSCALL] SHM create: PID/size:  0x00000009, 0x00002320
[DEBUG][PMM] Allocated contiguous block at 0x025B4000
[INFO ][SHM] Created region, ID/size:  0x0000000F, 0x00003000
[DEBUG][SYSCALL] SHM attach: PID/SHM:  0x00000009, 0x0000000F
[INFO ][SHM] Attached to PID, virt addr:  0x00000009, 0x80F00000
[DEBUG][SYSCALL] SHM create: PID/size:  0x00000009, 0x00002220
[DEBUG][PMM] Allocated contiguous block at 0x025B8000
[INFO ][SHM] Created region, ID/size:  0x00000010, 0x00003000
[DEBUG][SYSCALL] SHM attach: PID/SHM:  0x00000009, 0x00000010
[INFO ][SHM] Attached to PID, virt addr:  0x00000009, 0x81000000
[DEBUG][SYSCALL] SHM attach: PID/SHM:  0x00000009, 0x00000005
[INFO ][SHM] Attached to PID, virt addr:  0x00000009, 0x80500000
[DEBUG][SYSCALL] SHM attach: PID/SHM:  0x00000009, 0x00000006
[INFO ][SHM] Attached to PID, virt addr:  0x00000009, 0x80600000
[DEBUG][SYSCALL] SHM attach: PID/SHM:  0x00000001, 0x00000005
[INFO ][SHM] Attached to PID, virt addr:  0x00000001, 0x80500000
[DEBUG][SYSCALL] SHM attach: PID/SHM:  0x00000001, 0x00000006
[INFO ][SHM] Attached to PID, virt addr:  0x00000001, 0x80600000
[INFO ][SYSMAN] [U] Process started, PID:0x00000008
[INFO ][GUIEXEC] [U] DEV_DISPLAY open handle:0x00000000
[INFO ][GUIEXEC] [U] Framebuffer at:0xFD000000
[INFO ][SYSMAN] [U] Starting Filesystem Executive...
[INFO ][SYSMAN] [U] Module GRUB addr:0x00142000
[INFO ][SYSMAN] [U] Module size:0x00002234
[INFO ][SYSMAN] [U] Process started, PID:0x00000009
[INFO ][MEMEXEC] [U] Memory Executive initialized successfully
[INFO ][MEMEXEC] [U] Entering main loop...
[INFO ][FSEXEC] [U] Filesystem Executive initializing...
[INFO ][FSEXEC] [U] Request queue SHM ID:0x0000000F
[INFO ][FSEXEC] [U] Response queue SHM ID:0x00000010
[INFO ][SYSMAN] [U] Preparing Orbit + Terminal...
[DEBUG][SYSCALL] cell_write: key=system.exec.io.resp_shm
[DEBUG][CELL] Wrote cell, size:  0x00000004
[DEBUG][SYSCALL] cell_write: key=system.process.active_count
[DEBUG][CELL] Wrote cell, size:  0x00000004
[DEBUG][SYSCALL] cell_write: key=system.exec.fs.req_shm
[DEBUG][CELL] Wrote cell, size:  0x00000004
[DEBUG][SYSCALL] cell_write: key=system.gui.width
[DEBUG][CELL] Wrote cell, size:  0x00000004
[DEBUG][SYSCALL] cell_write: key=system.app.terminal.module
[DEBUG][CELL] Wrote cell, size:  0x00000004
[DEBUG][SYSCALL] SHM attach: PID/SHM:  0x00000008, 0x00000003
[INFO ][SHM] Attached to PID, virt addr:  0x00000008, 0x80300000
[DEBUG][SYSCALL] SHM create: PID/size:  0x00000008, 0x00002320
[DEBUG][PMM] Allocated contiguous block at 0x025BE000
[INFO ][SHM] Created region, ID/size:  0x00000011, 0x00003000
[DEBUG][SYSCALL] SHM attach: PID/SHM:  0x00000008, 0x00000011
[INFO ][SHM] Attached to PID, virt addr:  0x00000008, 0x81100000
[DEBUG][SYSCALL] SHM create: PID/size:  0x00000008, 0x00002220
[DEBUG][PMM] Allocated contiguous block at 0x025C2000
[INFO ][SHM] Created region, ID/size:  0x00000012, 0x00003000
[DEBUG][SYSCALL] SHM attach: PID/SHM:  0x00000008, 0x00000012
[INFO ][SHM] Attached to PID, virt addr:  0x00000008, 0x81200000
[DEBUG][SYSCALL] SHM attach: PID/SHM:  0x00000008, 0x00000005
[INFO ][SHM] Attached to PID, virt addr:  0x00000008, 0x80500000
[DEBUG][SYSCALL] SHM attach: PID/SHM:  0x00000008, 0x00000006
[INFO ][SHM] Attached to PID, virt addr:  0x00000008, 0x80600000
[INFO ][SYSCALL] process_exec: base=0x10000000, data=0x149000, size=12940, entry_off=0
[DEBUG][PMM] Allocated contiguous block at 0x025C6000
[DEBUG][PAGING] Cloned kernel page directory at 0x025EA000
[DEBUG][PAGING] Mapped user region virt/pages:  0x10000000, 0x00000024
[INFO ][SCHED] Queued PID 10 (queue_count=1)
[INFO ][PROC] Created PID 10, entry=0x10000000, esp=0x627fcc
[INFO ][PROC] Created from memory PID 10, base=0x10000000, bin=12940, alloc=147456
[DEBUG][SYSCALL] SHM attach: PID/SHM:  0x00000001, 0x0000000B
[INFO ][SHM] Attached to PID, virt addr:  0x00000001, 0x80B00000
[DEBUG][SYSCALL] SHM attach: PID/SHM:  0x00000001, 0x0000000C
[INFO ][SHM] Attached to PID, virt addr:  0x00000001, 0x80C00000
[INFO ][SCHED] Starting PID 10 from queue
[DEBUG][SYSCALL] SHM attach: PID/SHM:  0x0000000A, 0x00000003
[INFO ][SHM] Attached to PID, virt addr:  0x0000000A, 0x80300000
[DEBUG][SYSCALL] cell_write: key=system.exec.disk.req_shm
[DEBUG][CELL] Wrote cell, size:  0x00000004
[INFO ][DISKEXEC] [U] Disk Executive initializing...
[INFO ][DISKEXEC] [U] Request queue SHM ID:0x00000011
[INFO ][DISKEXEC] [U] Response queue SHM ID:0x00000012
[INFO ][SYSMAN] [U] Terminal module cell published
[INFO ][SYSMAN] [U] Module GRUB addr:0x00149000
[INFO ][SYSMAN] [U] Module size:0x0000328C
[INFO ][SYSMAN] [U] Process started, PID:0x0000000A
[INFO ][SYSMAN] [U] Orbit started, PID:0x0000000A
[INFO ][ORBIT] [U] ========================================
[INFO ][ORBIT] [U]   Orbit Desktop Shell Starting
[INFO ][ORBIT] [U] ========================================
[DEBUG][SYSCALL] dev_open: id/flags:  0x00000002, 0x00000000
[DEBUG][DEVMGR] open: ok id= 0x00000002, 0x00000000
[DEBUG][SYSCALL] SHM create: PID/size:  0x00000005, 0x00000110
[DEBUG][PMM] Allocated contiguous block at 0x025EE000
[INFO ][SHM] Created region, ID/size:  0x00000013, 0x00001000
[DEBUG][SYSCALL] SHM attach: PID/SHM:  0x00000005, 0x00000013
[INFO ][SHM] Attached to PID, virt addr:  0x00000005, 0x81300000
[DEBUG][SYSCALL] cell_write: key=system.memory.total
[DEBUG][CELL] Wrote cell, size:  0x00000004
[DEBUG][SYSCALL] cell_write: key=system.exec.fs.resp_shm
[DEBUG][CELL] Wrote cell, size:  0x00000004
[DEBUG][SYSCALL] cell_write: key=system.gui.height
[DEBUG][CELL] Wrote cell, size:  0x00000004
[DEBUG][SYSCALL] cell_write: key=system.exec.disk.resp_shm
[DEBUG][CELL] Wrote cell, size:  0x00000004
[DEBUG][SYSCALL] cell_write: key=system.io.keyboard.ring_shm
[DEBUG][CELL] Wrote cell, size:  0x00000004
[DEBUG][SYSCALL] dev_open: id/flags:  0x00000004, 0x00000000
[DEBUG][DEVMGR] open: ok id= 0x00000004, 0x00000000
[DEBUG][DEVMGR] ioctl: id= 0x00000004, 0x00000000
[DEBUG][DEVMGR] ioctl: id= 0x00000004, 0xFFFFFFFF
[DEBUG][SYSCALL] cell_write: key=system.memory.free
[DEBUG][CELL] Wrote cell, size:  0x00000004
[DEBUG][SYSCALL] cell_write: key=system.disk.count
[DEBUG][CELL] Wrote cell, size:  0x00000004
[DEBUG][SYSCALL] cell_write: key=system.fs.type
[DEBUG][CELL] Wrote cell, size:  0x00000004
[DEBUG][SYSCALL] cell_write: key=system.gui.bpp
[DEBUG][CELL] Wrote cell, size:  0x00000004
[DEBUG][SYSCALL] cell_write: key=system.gui.pitch
[DEBUG][CELL] Wrote cell, size:  0x00000004
[DEBUG][SYSCALL] SHM attach: PID/SHM:  0x0000000A, 0x00000005
[INFO ][SHM] Attached to PID, virt addr:  0x0000000A, 0x80500000
[DEBUG][SYSCALL] SHM attach: PID/SHM:  0x0000000A, 0x00000006
[INFO ][SHM] Attached to PID, virt addr:  0x0000000A, 0x80600000
[DEBUG][SYSCALL] cell_write: key=system.memory.used
[DEBUG][CELL] Wrote cell, size:  0x00000004
[DEBUG][SYSCALL] cell_write: key=system.disk.0.type
[DEBUG][CELL] Wrote cell, size:  0x00000004
[INFO ][IOEXEC] [U] Keyboard device opened, handle:0x00000000
[INFO ][IOEXEC] [U] Keyboard ring buffer SHM ID:0x00000013
[INFO ][IOEXEC] [U] I/O Executive initialized successfully
[INFO ][IOEXEC] [U] Entering main loop...
[INFO ][DISKEXEC] [U] DEV_DISK open handle:0x00000000
[INFO ][DISKEXEC] [U] Found disk index:0x00000000
[INFO ][DISKEXEC] [U] CD-ROM
[INFO ][DISKEXEC] [U]   Size MB:0x000002BC
[INFO ][DISKEXEC] [U] Total disks found:0x00000001
[INFO ][ORBIT] [U] Desktop background drawn
[INFO ][FSEXEC] [U] Filesystem Executive initialized (ISO9660)
[INFO ][FSEXEC] [U] Entering main loop...
[INFO ][GUIEXEC] [U] Display info published to cells
[INFO ][GUIEXEC] [U] GUI Executive initialized successfully
[INFO ][GUIEXEC] [U] Entering main loop...
[DEBUG][SYSCALL] SHM attach: PID/SHM:  0x0000000A, 0x0000000B
[INFO ][SHM] Attached to PID, virt addr:  0x0000000A, 0x80B00000
[DEBUG][SYSCALL] SHM attach: PID/SHM:  0x0000000A, 0x0000000C
[INFO ][SHM] Attached to PID, virt addr:  0x0000000A, 0x80C00000
[INFO ][ORBIT] [U] Terminal module index:0x0000000A
[INFO ][SYSCALL] process_exec: base=0x10000000, data=0x14d000, size=37260, entry_off=0
[DEBUG][PMM] Allocated contiguous block at 0x025F3000
[DEBUG][PAGING] Cloned kernel page directory at 0x0261D000
[DEBUG][PAGING] Mapped user region virt/pages:  0x10000000, 0x0000002A
[INFO ][SCHED] Queued PID 11 (queue_count=1)
[INFO ][PROC] Created PID 11, entry=0x10000000, esp=0x62bfcc
[INFO ][PROC] Created from memory PID 11, base=0x10000000, bin=37260, alloc=172032
[INFO ][SCHED] Starting PID 11 from queue
[DEBUG][SYSCALL] SHM attach: PID/SHM:  0x0000000B, 0x00000003
[INFO ][SHM] Attached to PID, virt addr:  0x0000000B, 0x80300000
[INFO ][PROCEXEC] [U] Process Executive initialized successfully
[INFO ][PROCEXEC] [U] Entering main loop...
[INFO ][PROCEXEC] [U] Create: module_index=0x0000000A
[INFO ][PROCEXEC] [U] Module addr:0x0014D000
[INFO ][PROCEXEC] [U] Module size:0x0000918C
[INFO ][TERM] [U] ========================================
[INFO ][TERM] [U]   MaahiOS Terminal Starting
[INFO ][TERM] [U] ========================================
[INFO ][TERM] [U] Framebuffer at:0xFD000000
[INFO ][SYSMAN] [U] ========================================
[INFO ][SYSMAN] [U]   All loaded. Process count:0x0000000A
[INFO ][SYSMAN] [U]   Executives + Orbit running
[INFO ][SYSMAN] [U] ========================================
[INFO ][PROCEXEC] [U] Process created, PID:0x0000000B
[INFO ][TERM] [U] Terminal ready, entering input loop
[DEBUG][SYSCALL] SHM attach: PID/SHM:  0x0000000B, 0x00000013
[INFO ][SHM] Attached to PID, virt addr:  0x0000000B, 0x81300000
[DEBUG][SYSCALL] cell_write: key=system.disk.0.size
[DEBUG][CELL] Wrote cell, size:  0x00000004
[DEBUG][SYSCALL] cell_write: key=system.process.active_count
[DEBUG][CELL] Wrote cell, size:  0x00000004
[INFO ][ORBIT] [U] Terminal launched, PID:0x0000000B
[INFO ][ORBIT] [U] Orbit running. Entering idle loop.
[DEBUG][SYSCALL] cell_write: key=system.memory.total
[DEBUG][CELL] Wrote cell, size:  0x00000004
[DEBUG][SYSCALL] cell_write: key=system.disk.0.stat
[DEBUG][CELL] Wrote cell, size:  0x00000004
[DEBUG][SYSCALL] cell_write: key=system.memory.free
[DEBUG][CELL] Wrote cell, size:  0x00000004
[INFO ][DISKEXEC] [U] Disk Executive initialized successfully
[INFO ][DISKEXEC] [U] Entering main loop...
[DEBUG][SYSCALL] cell_write: key=system.memory.used
[DEBUG][CELL] Wrote cell, size:  0x00000004
[DEBUG][SYSCALL] cell_write: key=system.memory.total
[DEBUG][CELL] Wrote cell, size:  0x00000004
[DEBUG][SYSCALL] cell_write: key=system.memory.free
[DEBUG][CELL] Wrote cell, size:  0x00000004
[DEBUG][SYSCALL] cell_write: key=system.memory.used
[DEBUG][CELL] Wrote cell, size:  0x00000004
[DEBUG][SYSCALL] cell_write: key=system.memory.total
[DEBUG][CELL] Wrote cell, size:  0x00000004
[DEBUG][SYSCALL] cell_write: key=system.memory.free
[DEBUG][CELL] Wrote cell, size:  0x00000004
[DEBUG][SYSCALL] cell_write: key=system.memory.used
[DEBUG][CELL] Wrote cell, size:  0x00000004
[DEBUG][SYSCALL] cell_write: key=system.memory.total
[DEBUG][CELL] Wrote cell, size:  0x00000004
[DEBUG][SYSCALL] cell_write: key=system.memory.free
[DEBUG][CELL] Wrote cell, size:  0x00000004
[DEBUG][SYSCALL] cell_write: key=system.memory.used
[DEBUG][CELL] Wrote cell, size:  0x00000004
[DEBUG][SYSCALL] cell_write: key=system.memory.total
[DEBUG][CELL] Wrote cell, size:  0x00000004
[DEBUG][SYSCALL] cell_write: key=system.memory.free
[DEBUG][CELL] Wrote cell, size:  0x00000004
[DEBUG][SYSCALL] cell_write: key=system.memory.used
[DEBUG][CELL] Wrote cell, size:  0x00000004
[DEBUG][SYSCALL] cell_write: key=system.memory.total
[DEBUG][CELL] Wrote cell, size:  0x00000004
[DEBUG][SYSCALL] cell_write: key=system.memory.free
[DEBUG][CELL] Wrote cell, size:  0x00000004
[DEBUG][SYSCALL] cell_write: key=system.memory.used
[DEBUG][CELL] Wrote cell, size:  0x00000004
[DEBUG][SYSCALL] cell_write: key=system.memory.total
[DEBUG][CELL] Wrote cell, size:  0x00000004
[DEBUG][SYSCALL] cell_write: key=system.memory.free
[DEBUG][CELL] Wrote cell, size:  0x00000004
[DEBUG][SYSCALL] cell_write: key=system.memory.used
[DEBUG][CELL] Wrote cell, size:  0x00000004
[DEBUG][SYSCALL] cell_write: key=system.memory.total
[DEBUG][CELL] Wrote cell, size:  0x00000004
[DEBUG][SYSCALL] cell_write: key=system.memory.free
[DEBUG][CELL] Wrote cell, size:  0x00000004
[DEBUG][SYSCALL] cell_write: key=system.memory.used
[DEBUG][CELL] Wrote cell, size:  0x00000004
[DEBUG][SYSCALL] cell_write: key=system.memory.total
[DEBUG][CELL] Wrote cell, size:  0x00000004
[DEBUG][SYSCALL] cell_write: key=system.memory.free
[DEBUG][CELL] Wrote cell, size:  0x00000004
[DEBUG][SYSCALL] cell_write: key=system.memory.used
[DEBUG][CELL] Wrote cell, size:  0x00000004
[DEBUG][SYSCALL] cell_write: key=system.memory.total
[DEBUG][CELL] Wrote cell, size:  0x00000004
[DEBUG][SYSCALL] cell_write: key=system.memory.free
[DEBUG][CELL] Wrote cell, size:  0x00000004
[DEBUG][SYSCALL] cell_write: key=system.memory.used
[DEBUG][CELL] Wrote cell, size:  0x00000004
[DEBUG][SYSCALL] cell_write: key=system.memory.total
[DEBUG][CELL] Wrote cell, size:  0x00000004
[DEBUG][SYSCALL] cell_write: key=system.memory.free
[DEBUG][CELL] Wrote cell, size:  0x00000004
[DEBUG][SYSCALL] cell_write: key=system.memory.used
[DEBUG][CELL] Wrote cell, size:  0x00000004
[DEBUG][SYSCALL] cell_write: key=system.memory.total
[DEBUG][CELL] Wrote cell, size:  0x00000004
[DEBUG][SYSCALL] cell_write: key=system.memory.free
[DEBUG][CELL] Wrote cell, size:  0x00000004
[DEBUG][SYSCALL] cell_write: key=system.memory.used
[DEBUG][CELL] Wrote cell, size:  0x00000004
[DEBUG][SYSCALL] cell_write: key=system.memory.total
[DEBUG][CELL] Wrote cell, size:  0x00000004
[DEBUG][SYSCALL] cell_write: key=system.memory.free
[DEBUG][CELL] Wrote cell, size:  0x00000004
[DEBUG][SYSCALL] cell_write: key=system.memory.used
[DEBUG][CELL] Wrote cell, size:  0x00000004
[DEBUG][SYSCALL] cell_write: key=system.memory.total
[DEBUG][CELL] Wrote cell, size:  0x00000004
[DEBUG][SYSCALL] cell_write: key=system.memory.free
[DEBUG][CELL] Wrote cell, size:  0x00000004
[DEBUG][SYSCALL] cell_write: key=system.memory.used
[DEBUG][CELL] Wrote cell, size:  0x00000004
[DEBUG][SYSCALL] cell_write: key=system.memory.total
[DEBUG][CELL] Wrote cell, size:  0x00000004
[DEBUG][SYSCALL] cell_write: key=system.memory.free
[DEBUG][CELL] Wrote cell, size:  0x00000004
[DEBUG][SYSCALL] cell_write: key=system.memory.used
[DEBUG][CELL] Wrote cell, size:  0x00000004
[DEBUG][SYSCALL] cell_write: key=system.memory.total
[DEBUG][CELL] Wrote cell, size:  0x00000004
[DEBUG][SYSCALL] cell_write: key=system.memory.free
[DEBUG][CELL] Wrote cell, size:  0x00000004
[DEBUG][SYSCALL] cell_write: key=system.memory.used
[DEBUG][CELL] Wrote cell, size:  0x00000004
[DEBUG][SYSCALL] cell_write: key=system.memory.total
[DEBUG][CELL] Wrote cell, size:  0x00000004
[DEBUG][SYSCALL] cell_write: key=system.memory.free
[DEBUG][CELL] Wrote cell, size:  0x00000004
[DEBUG][SYSCALL] cell_write: key=system.memory.used
[DEBUG][CELL] Wrote cell, size:  0x00000004
[DEBUG][SYSCALL] SHM attach: PID/SHM:  0x0000000B, 0x0000000F
[INFO ][SHM] Attached to PID, virt addr:  0x0000000B, 0x80F00000
[DEBUG][SYSCALL] SHM attach: PID/SHM:  0x0000000B, 0x00000010
[INFO ][SHM] Attached to PID, virt addr:  0x0000000B, 0x81000000
[DEBUG][SYSCALL] fs_list_dir: path=/
[DEBUG][SYSCALL] SHM create: PID/size:  0x00000009, 0x000000D0
[DEBUG][PMM] Allocated contiguous block at 0x02621000
[INFO ][SHM] Created region, ID/size:  0x00000014, 0x00001000
[DEBUG][SYSCALL] SHM attach: PID/SHM:  0x00000009, 0x00000014
[INFO ][SHM] Attached to PID, virt addr:  0x00000009, 0x81400000
[DEBUG][SYSCALL] cell_write: key=system.memory.total
[DEBUG][CELL] Wrote cell, size:  0x00000004
[DEBUG][FSEXEC] [U] LIST_DIR request
[DEBUG][FSEXEC] [U] LIST_DIR: entries found:0x00000004
[DEBUG][SYSCALL] cell_write: key=system.memory.free
[DEBUG][CELL] Wrote cell, size:  0x00000004
[DEBUG][SYSCALL] SHM attach: PID/SHM:  0x0000000B, 0x00000014
[INFO ][SHM] Attached to PID, virt addr:  0x0000000B, 0x81400000
[DEBUG][SYSCALL] SHM detach: PID/SHM:  0x0000000B, 0x00000014
[INFO ][SHM] Detached from PID/SHM:  0x0000000B, 0x00000014
[DEBUG][SYSCALL] SHM destroy:  0x00000014
[WARN ][SHM] Cannot destroy, still attached:  0x00000014
[DEBUG][SYSCALL] cell_write: key=system.memory.used
[DEBUG][CELL] Wrote cell, size:  0x00000004
[DEBUG][SYSCALL] cell_write: key=system.memory.total
[DEBUG][CELL] Wrote cell, size:  0x00000004
[DEBUG][SYSCALL] cell_write: key=system.memory.free
[DEBUG][CELL] Wrote cell, size:  0x00000004
[DEBUG][SYSCALL] cell_write: key=system.memory.used
[DEBUG][CELL] Wrote cell, size:  0x00000004
[DEBUG][SYSCALL] cell_write: key=system.memory.total
[DEBUG][CELL] Wrote cell, size:  0x00000004
[DEBUG][SYSCALL] cell_write: key=system.memory.free
[DEBUG][CELL] Wrote cell, size:  0x00000004
[DEBUG][SYSCALL] cell_write: key=system.memory.used
[DEBUG][CELL] Wrote cell, size:  0x00000004
[DEBUG][SYSCALL] cell_write: key=system.memory.total
[DEBUG][CELL] Wrote cell, size:  0x00000004
[DEBUG][SYSCALL] cell_write: key=system.memory.free
[DEBUG][CELL] Wrote cell, size:  0x00000004
[DEBUG][SYSCALL] cell_write: key=system.memory.used
[DEBUG][CELL] Wrote cell, size:  0x00000004
[DEBUG][SYSCALL] cell_write: key=system.memory.total
[DEBUG][CELL] Wrote cell, size:  0x00000004
[DEBUG][SYSCALL] cell_write: key=system.memory.free
[DEBUG][CELL] Wrote cell, size:  0x00000004
[DEBUG][SYSCALL] cell_write: key=system.memory.used
[DEBUG][CELL] Wrote cell, size:  0x00000004
[DEBUG][SYSCALL] cell_write: key=system.memory.total
[DEBUG][CELL] Wrote cell, size:  0x00000004
[DEBUG][SYSCALL] cell_write: key=system.memory.free
[DEBUG][CELL] Wrote cell, size:  0x00000004
[DEBUG][SYSCALL] cell_write: key=system.memory.used
[DEBUG][CELL] Wrote cell, size:  0x00000004
[DEBUG][SYSCALL] cell_write: key=system.memory.total
[DEBUG][CELL] Wrote cell, size:  0x00000004
[DEBUG][SYSCALL] cell_write: key=system.memory.free
[DEBUG][CELL] Wrote cell, size:  0x00000004
[DEBUG][SYSCALL] cell_write: key=system.memory.used
[DEBUG][CELL] Wrote cell, size:  0x00000004
[DEBUG][SYSCALL] cell_write: key=system.memory.total
[DEBUG][CELL] Wrote cell, size:  0x00000004
[DEBUG][SYSCALL] cell_write: key=system.memory.free
[DEBUG][CELL] Wrote cell, size:  0x00000004
[DEBUG][SYSCALL] cell_write: key=system.memory.used
[DEBUG][CELL] Wrote cell, size:  0x00000004
[DEBUG][SYSCALL] cell_write: key=system.memory.total
[DEBUG][CELL] Wrote cell, size:  0x00000004
[DEBUG][SYSCALL] cell_write: key=system.memory.free
[DEBUG][CELL] Wrote cell, size:  0x00000004
[DEBUG][SYSCALL] cell_write: key=system.memory.used
[DEBUG][CELL] Wrote cell, size:  0x00000004
[DEBUG][SYSCALL] cell_write: key=system.memory.total
[DEBUG][CELL] Wrote cell, size:  0x00000004
[DEBUG][SYSCALL] cell_write: key=system.memory.free
[DEBUG][CELL] Wrote cell, size:  0x00000004
[DEBUG][SYSCALL] cell_write: key=system.memory.used
[DEBUG][CELL] Wrote cell, size:  0x00000004
[DEBUG][SYSCALL] cell_write: key=system.memory.total
[DEBUG][CELL] Wrote cell, size:  0x00000004
[DEBUG][SYSCALL] cell_write: key=system.memory.free
[DEBUG][CELL] Wrote cell, size:  0x00000004
[DEBUG][SYSCALL] cell_write: key=system.memory.used
[DEBUG][CELL] Wrote cell, size:  0x00000004
[DEBUG][SYSCALL] cell_write: key=system.memory.total
[DEBUG][CELL] Wrote cell, size:  0x00000004
[DEBUG][SYSCALL] cell_write: key=system.memory.free
[DEBUG][CELL] Wrote cell, size:  0x00000004
[DEBUG][SYSCALL] cell_write: key=system.memory.used
[DEBUG][CELL] Wrote cell, size:  0x00000004
[DEBUG][SYSCALL] cell_write: key=system.memory.total
[DEBUG][CELL] Wrote cell, size:  0x00000004
[DEBUG][SYSCALL] cell_write: key=system.memory.free
[DEBUG][CELL] Wrote cell, size:  0x00000004
[DEBUG][SYSCALL] cell_write: key=system.memory.used
[DEBUG][CELL] Wrote cell, size:  0x00000004
[DEBUG][SYSCALL] cell_write: key=system.memory.total
[DEBUG][CELL] Wrote cell, size:  0x00000004
[DEBUG][SYSCALL] cell_write: key=system.memory.free
[DEBUG][CELL] Wrote cell, size:  0x00000004
[DEBUG][SYSCALL] cell_write: key=system.memory.used
[DEBUG][CELL] Wrote cell, size:  0x00000004
[DEBUG][SYSCALL] cell_write: key=system.memory.total
[DEBUG][CELL] Wrote cell, size:  0x00000004
[DEBUG][SYSCALL] cell_write: key=system.memory.free
[DEBUG][CELL] Wrote cell, size:  0x00000004
[DEBUG][SYSCALL] cell_write: key=system.memory.used
[DEBUG][CELL] Wrote cell, size:  0x00000004
[DEBUG][SYSCALL] cell_write: key=system.memory.total
[DEBUG][CELL] Wrote cell, size:  0x00000004
[DEBUG][SYSCALL] cell_write: key=system.memory.free
[DEBUG][CELL] Wrote cell, size:  0x00000004
[DEBUG][SYSCALL] cell_write: key=system.memory.used
[DEBUG][CELL] Wrote cell, size:  0x00000004
[DEBUG][SYSCALL] cell_write: key=system.memory.total
[DEBUG][CELL] Wrote cell, size:  0x00000004
[DEBUG][SYSCALL] cell_write: key=system.memory.free
[DEBUG][CELL] Wrote cell, size:  0x00000004
[DEBUG][SYSCALL] cell_write: key=system.memory.used
[DEBUG][CELL] Wrote cell, size:  0x00000004
[DEBUG][SYSCALL] cell_write: key=system.memory.total
[DEBUG][CELL] Wrote cell, size:  0x00000004
[DEBUG][SYSCALL] cell_write: key=system.memory.free
[DEBUG][CELL] Wrote cell, size:  0x00000004
[DEBUG][SYSCALL] cell_write: key=system.memory.used
[DEBUG][CELL] Wrote cell, size:  0x00000004
[DEBUG][SYSCALL] cell_write: key=system.memory.total
[DEBUG][CELL] Wrote cell, size:  0x00000004
[DEBUG][SYSCALL] cell_write: key=system.memory.free
[DEBUG][CELL] Wrote cell, size:  0x00000004
[DEBUG][SYSCALL] cell_write: key=system.memory.used
[DEBUG][CELL] Wrote cell, size:  0x00000004
[DEBUG][SYSCALL] cell_write: key=system.memory.total
[DEBUG][CELL] Wrote cell, size:  0x00000004
[DEBUG][SYSCALL] cell_write: key=system.memory.free
[DEBUG][CELL] Wrote cell, size:  0x00000004
[DEBUG][SYSCALL] cell_write: key=system.memory.used
[DEBUG][CELL] Wrote cell, size:  0x00000004
[DEBUG][SYSCALL] cell_write: key=system.memory.total
[DEBUG][CELL] Wrote cell, size:  0x00000004
[DEBUG][SYSCALL] cell_write: key=system.memory.free
[DEBUG][CELL] Wrote cell, size:  0x00000004
[DEBUG][SYSCALL] cell_write: key=system.memory.used
[DEBUG][CELL] Wrote cell, size:  0x00000004
[DEBUG][SYSCALL] cell_write: key=system.memory.total
[DEBUG][CELL] Wrote cell, size:  0x00000004
[DEBUG][SYSCALL] cell_write: key=system.memory.free
[DEBUG][CELL] Wrote cell, size:  0x00000004
[DEBUG][SYSCALL] cell_write: key=system.memory.used
[DEBUG][CELL] Wrote cell, size:  0x00000004
[DEBUG][SYSCALL] cell_write: key=system.memory.total
[DEBUG][CELL] Wrote cell, size:  0x00000004
[DEBUG][SYSCALL] cell_write: key=system.memory.free
[DEBUG][CELL] Wrote cell, size:  0x00000004
[DEBUG][SYSCALL] cell_write: key=system.memory.used
[DEBUG][CELL] Wrote cell, size:  0x00000004
[DEBUG][SYSCALL] cell_write: key=system.memory.total
[DEBUG][CELL] Wrote cell, size:  0x00000004
[DEBUG][SYSCALL] cell_write: key=system.memory.free
[DEBUG][CELL] Wrote cell, size:  0x00000004
[DEBUG][SYSCALL] cell_write: key=system.memory.used
[DEBUG][CELL] Wrote cell, size:  0x00000004
[DEBUG][SYSCALL] cell_write: key=system.memory.total
[DEBUG][CELL] Wrote cell, size:  0x00000004
[DEBUG][SYSCALL] cell_write: key=system.memory.free
[DEBUG][CELL] Wrote cell, size:  0x00000004
[DEBUG][SYSCALL] cell_write: key=system.memory.used
[DEBUG][CELL] Wrote cell, size:  0x00000004
[DEBUG][SYSCALL] cell_write: key=system.memory.total
[DEBUG][CELL] Wrote cell, size:  0x00000004
[DEBUG][SYSCALL] cell_write: key=system.memory.free
[DEBUG][CELL] Wrote cell, size:  0x00000004
[DEBUG][SYSCALL] cell_write: key=system.memory.used
[DEBUG][CELL] Wrote cell, size:  0x00000004
[DEBUG][SYSCALL] cell_write: key=system.memory.total
[DEBUG][CELL] Wrote cell, size:  0x00000004
[DEBUG][SYSCALL] cell_write: key=system.memory.free
[DEBUG][CELL] Wrote cell, size:  0x00000004
[DEBUG][SYSCALL] cell_write: key=system.memory.used
[DEBUG][CELL] Wrote cell, size:  0x00000004
[DEBUG][SYSCALL] cell_write: key=system.memory.total
[DEBUG][CELL] Wrote cell, size:  0x00000004
[DEBUG][SYSCALL] cell_write: key=system.memory.free
[DEBUG][CELL] Wrote cell, size:  0x00000004
[DEBUG][SYSCALL] cell_write: key=system.memory.used
[DEBUG][CELL] Wrote cell, size:  0x00000004
[DEBUG][SYSCALL] cell_write: key=system.memory.total
[DEBUG][CELL] Wrote cell, size:  0x00000004
[DEBUG][SYSCALL] cell_write: key=system.memory.free
[DEBUG][CELL] Wrote cell, size:  0x00000004
[DEBUG][SYSCALL] cell_write: key=system.memory.used
[DEBUG][CELL] Wrote cell, size:  0x00000004
[DEBUG][SYSCALL] cell_write: key=system.memory.total
[DEBUG][CELL] Wrote cell, size:  0x00000004
[DEBUG][SYSCALL] cell_write: key=system.memory.free
[DEBUG][CELL] Wrote cell, size:  0x00000004
[DEBUG][SYSCALL] cell_write: key=system.memory.used
[DEBUG][CELL] Wrote cell, size:  0x00000004
[DEBUG][SYSCALL] cell_write: key=system.memory.total
[DEBUG][CELL] Wrote cell, size:  0x00000004
[DEBUG][SYSCALL] cell_write: key=system.memory.free
[DEBUG][CELL] Wrote cell, size:  0x00000004
[DEBUG][SYSCALL] cell_write: key=system.memory.used
[DEBUG][CELL] Wrote cell, size:  0x00000004
[DEBUG][SYSCALL] cell_write: key=system.memory.total
[DEBUG][CELL] Wrote cell, size:  0x00000004
[DEBUG][SYSCALL] cell_write: key=system.memory.free
[DEBUG][CELL] Wrote cell, size:  0x00000004
[DEBUG][SYSCALL] cell_write: key=system.memory.used
[DEBUG][CELL] Wrote cell, size:  0x00000004
[DEBUG][SYSCALL] cell_write: key=system.memory.total
[DEBUG][CELL] Wrote cell, size:  0x00000004
[DEBUG][SYSCALL] cell_write: key=system.memory.free
[DEBUG][CELL] Wrote cell, size:  0x00000004
[DEBUG][SYSCALL] cell_write: key=system.memory.used
[DEBUG][CELL] Wrote cell, size:  0x00000004
[DEBUG][SYSCALL] cell_write: key=system.memory.total
[DEBUG][CELL] Wrote cell, size:  0x00000004
[DEBUG][SYSCALL] cell_write: key=system.memory.free
[DEBUG][CELL] Wrote cell, size:  0x00000004
[DEBUG][SYSCALL] cell_write: key=system.memory.used
[DEBUG][CELL] Wrote cell, size:  0x00000004
[DEBUG][SYSCALL] cell_write: key=system.memory.total
[DEBUG][CELL] Wrote cell, size:  0x00000004
[DEBUG][SYSCALL] cell_write: key=system.memory.free
[DEBUG][CELL] Wrote cell, size:  0x00000004
[DEBUG][SYSCALL] cell_write: key=system.memory.used
[DEBUG][CELL] Wrote cell, size:  0x00000004
[DEBUG][SYSCALL] cell_write: key=system.memory.total
[DEBUG][CELL] Wrote cell, size:  0x00000004
[DEBUG][SYSCALL] cell_write: key=system.memory.free
[DEBUG][CELL] Wrote cell, size:  0x00000004
[DEBUG][SYSCALL] cell_write: key=system.memory.used
[DEBUG][CELL] Wrote cell, size:  0x00000004
[DEBUG][SYSCALL] cell_write: key=system.memory.total
[DEBUG][CELL] Wrote cell, size:  0x00000004
[DEBUG][SYSCALL] cell_write: key=system.memory.free
[DEBUG][CELL] Wrote cell, size:  0x00000004
[DEBUG][SYSCALL] cell_write: key=system.memory.used
[DEBUG][CELL] Wrote cell, size:  0x00000004
[DEBUG][SYSCALL] cell_write: key=system.memory.total
[DEBUG][CELL] Wrote cell, size:  0x00000004
[DEBUG][SYSCALL] cell_write: key=system.memory.free
[DEBUG][CELL] Wrote cell, size:  0x00000004
[DEBUG][SYSCALL] cell_write: key=system.memory.used
[DEBUG][CELL] Wrote cell, size:  0x00000004
[DEBUG][SYSCALL] cell_write: key=system.memory.total
[DEBUG][CELL] Wrote cell, size:  0x00000004
[DEBUG][SYSCALL] cell_write: key=system.memory.free
[DEBUG][CELL] Wrote cell, size:  0x00000004
[DEBUG][SYSCALL] cell_write: key=system.memory.used
[DEBUG][CELL] Wrote cell, size:  0x00000004
[DEBUG][SYSCALL] cell_write: key=system.memory.total
[DEBUG][CELL] Wrote cell, size:  0x00000004
[DEBUG][SYSCALL] cell_write: key=system.memory.free
[DEBUG][CELL] Wrote cell, size:  0x00000004
[DEBUG][SYSCALL] cell_write: key=system.memory.used
[DEBUG][CELL] Wrote cell, size:  0x00000004
[DEBUG][SYSCALL] cell_write: key=system.memory.total
[DEBUG][CELL] Wrote cell, size:  0x00000004
[DEBUG][SYSCALL] cell_write: key=system.memory.free
[DEBUG][CELL] Wrote cell, size:  0x00000004
[DEBUG][SYSCALL] cell_write: key=system.memory.used
[DEBUG][CELL] Wrote cell, size:  0x00000004
[DEBUG][SYSCALL] cell_write: key=system.memory.total
[DEBUG][CELL] Wrote cell, size:  0x00000004
[DEBUG][SYSCALL] cell_write: key=system.memory.free
[DEBUG][CELL] Wrote cell, size:  0x00000004
[DEBUG][SYSCALL] cell_write: key=system.memory.used
[DEBUG][CELL] Wrote cell, size:  0x00000004
[DEBUG][SYSCALL] cell_write: key=system.memory.total
[DEBUG][CELL] Wrote cell, size:  0x00000004
[DEBUG][SYSCALL] cell_write: key=system.memory.free
[DEBUG][CELL] Wrote cell, size:  0x00000004
[DEBUG][SYSCALL] cell_write: key=system.memory.used
[DEBUG][CELL] Wrote cell, size:  0x00000004
[DEBUG][SYSCALL] cell_write: key=system.memory.total
[DEBUG][CELL] Wrote cell, size:  0x00000004
[DEBUG][SYSCALL] cell_write: key=system.memory.free
[DEBUG][CELL] Wrote cell, size:  0x00000004
[DEBUG][SYSCALL] cell_write: key=system.memory.used
[DEBUG][CELL] Wrote cell, size:  0x00000004
[DEBUG][SYSCALL] cell_write: key=system.memory.total
[DEBUG][CELL] Wrote cell, size:  0x00000004
[DEBUG][SYSCALL] cell_write: key=system.memory.free
[DEBUG][CELL] Wrote cell, size:  0x00000004
[DEBUG][SYSCALL] cell_write: key=system.memory.used
[DEBUG][CELL] Wrote cell, size:  0x00000004
[DEBUG][SYSCALL] cell_write: key=system.memory.total
[DEBUG][CELL] Wrote cell, size:  0x00000004
[DEBUG][SYSCALL] cell_write: key=system.memory.free
[DEBUG][CELL] Wrote cell, size:  0x00000004
[DEBUG][SYSCALL] cell_write: key=system.memory.used
[DEBUG][CELL] Wrote cell, size:  0x00000004
[DEBUG][SYSCALL] cell_write: key=system.memory.total
[DEBUG][CELL] Wrote cell, size:  0x00000004
[DEBUG][SYSCALL] cell_write: key=system.memory.free
[DEBUG][CELL] Wrote cell, size:  0x00000004
[DEBUG][SYSCALL] cell_write: key=system.memory.used
[DEBUG][CELL] Wrote cell, size:  0x00000004
[DEBUG][SYSCALL] cell_write: key=system.memory.total
[DEBUG][CELL] Wrote cell, size:  0x00000004
[DEBUG][SYSCALL] cell_write: key=system.memory.free
[DEBUG][CELL] Wrote cell, size:  0x00000004
[DEBUG][SYSCALL] cell_write: key=system.memory.used
[DEBUG][CELL] Wrote cell, size:  0x00000004
[DEBUG][SYSCALL] cell_write: key=system.memory.total
[DEBUG][CELL] Wrote cell, size:  0x00000004
[DEBUG][SYSCALL] cell_write: key=system.memory.free
[DEBUG][CELL] Wrote cell, size:  0x00000004
[DEBUG][SYSCALL] cell_write: key=system.memory.used
[DEBUG][CELL] Wrote cell, size:  0x00000004
[DEBUG][SYSCALL] cell_write: key=system.memory.total
[DEBUG][CELL] Wrote cell, size:  0x00000004
[DEBUG][SYSCALL] cell_write: key=system.memory.free
[DEBUG][CELL] Wrote cell, size:  0x00000004
[DEBUG][SYSCALL] cell_write: key=system.memory.used
[DEBUG][CELL] Wrote cell, size:  0x00000004
[DEBUG][SYSCALL] cell_write: key=system.memory.total
[DEBUG][CELL] Wrote cell, size:  0x00000004
[DEBUG][SYSCALL] cell_write: key=system.memory.free
[DEBUG][CELL] Wrote cell, size:  0x00000004
[DEBUG][SYSCALL] cell_write: key=system.memory.used
[DEBUG][CELL] Wrote cell, size:  0x00000004
[DEBUG][SYSCALL] cell_write: key=system.memory.total
[DEBUG][CELL] Wrote cell, size:  0x00000004
[DEBUG][SYSCALL] cell_write: key=system.memory.free
[DEBUG][CELL] Wrote cell, size:  0x00000004
[DEBUG][SYSCALL] cell_write: key=system.memory.used
[DEBUG][CELL] Wrote cell, size:  0x00000004
[DEBUG][SYSCALL] cell_write: key=system.memory.total
[DEBUG][CELL] Wrote cell, size:  0x00000004
[DEBUG][SYSCALL] cell_write: key=system.memory.free
[DEBUG][CELL] Wrote cell, size:  0x00000004
[DEBUG][SYSCALL] cell_write: key=system.memory.used
[DEBUG][CELL] Wrote cell, size:  0x00000004
[DEBUG][SYSCALL] cell_write: key=system.memory.total
[DEBUG][CELL] Wrote cell, size:  0x00000004
[DEBUG][SYSCALL] cell_write: key=system.memory.free
[DEBUG][CELL] Wrote cell, size:  0x00000004
[DEBUG][SYSCALL] cell_write: key=system.memory.used
[DEBUG][CELL] Wrote cell, size:  0x00000004
[DEBUG][SYSCALL] cell_write: key=system.memory.total
[DEBUG][CELL] Wrote cell, size:  0x00000004
[DEBUG][SYSCALL] cell_write: key=system.memory.free
[DEBUG][CELL] Wrote cell, size:  0x00000004
[DEBUG][SYSCALL] cell_write: key=system.memory.used
[DEBUG][CELL] Wrote cell, size:  0x00000004
[DEBUG][SYSCALL] cell_write: key=system.memory.total
[DEBUG][CELL] Wrote cell, size:  0x00000004
[DEBUG][SYSCALL] cell_write: key=system.memory.free
[DEBUG][CELL] Wrote cell, size:  0x00000004
[DEBUG][SYSCALL] cell_write: key=system.memory.used
[DEBUG][CELL] Wrote cell, size:  0x00000004
[DEBUG][SYSCALL] cell_write: key=system.memory.total
[DEBUG][CELL] Wrote cell, size:  0x00000004
[DEBUG][SYSCALL] cell_write: key=system.memory.free
[DEBUG][CELL] Wrote cell, size:  0x00000004
[DEBUG][SYSCALL] cell_write: key=system.memory.used
[DEBUG][CELL] Wrote cell, size:  0x00000004
[DEBUG][SYSCALL] cell_write: key=system.memory.total
[DEBUG][CELL] Wrote cell, size:  0x00000004
[DEBUG][SYSCALL] cell_write: key=system.memory.free
[DEBUG][CELL] Wrote cell, size:  0x00000004
[DEBUG][SYSCALL] cell_write: key=system.memory.used
[DEBUG][CELL] Wrote cell, size:  0x00000004
[DEBUG][SYSCALL] cell_write: key=system.memory.total
[DEBUG][CELL] Wrote cell, size:  0x00000004
[DEBUG][SYSCALL] cell_write: key=system.memory.free
[DEBUG][CELL] Wrote cell, size:  0x00000004
[DEBUG][SYSCALL] cell_write: key=system.memory.used
[DEBUG][CELL] Wrote cell, size:  0x00000004
[DEBUG][SYSCALL] cell_write: key=system.memory.total
[DEBUG][CELL] Wrote cell, size:  0x00000004
[DEBUG][SYSCALL] cell_write: key=system.memory.free
[DEBUG][CELL] Wrote cell, size:  0x00000004
[DEBUG][SYSCALL] cell_write: key=system.memory.used
[DEBUG][CELL] Wrote cell, size:  0x00000004
[DEBUG][SYSCALL] cell_write: key=system.memory.total
[DEBUG][CELL] Wrote cell, size:  0x00000004
[DEBUG][SYSCALL] cell_write: key=system.memory.free
[DEBUG][CELL] Wrote cell, size:  0x00000004
[DEBUG][SYSCALL] cell_write: key=system.memory.used
[DEBUG][CELL] Wrote cell, size:  0x00000004
[DEBUG][SYSCALL] cell_write: key=system.memory.total
[DEBUG][CELL] Wrote cell, size:  0x00000004
[DEBUG][SYSCALL] cell_write: key=system.memory.free
[DEBUG][CELL] Wrote cell, size:  0x00000004
[DEBUG][SYSCALL] cell_write: key=system.memory.used
[DEBUG][CELL] Wrote cell, size:  0x00000004
[DEBUG][SYSCALL] cell_write: key=system.memory.total
[DEBUG][CELL] Wrote cell, size:  0x00000004
[DEBUG][SYSCALL] cell_write: key=system.memory.free
[DEBUG][CELL] Wrote cell, size:  0x00000004
[DEBUG][SYSCALL] cell_write: key=system.memory.used
[DEBUG][CELL] Wrote cell, size:  0x00000004
[DEBUG][SYSCALL] cell_write: key=system.memory.total
[DEBUG][CELL] Wrote cell, size:  0x00000004
[DEBUG][SYSCALL] cell_write: key=system.memory.free
[DEBUG][CELL] Wrote cell, size:  0x00000004
[DEBUG][SYSCALL] cell_write: key=system.memory.used
[DEBUG][CELL] Wrote cell, size:  0x00000004
[DEBUG][SYSCALL] cell_write: key=system.memory.total
[DEBUG][CELL] Wrote cell, size:  0x00000004
[DEBUG][SYSCALL] cell_write: key=system.memory.free
[DEBUG][CELL] Wrote cell, size:  0x00000004
[DEBUG][SYSCALL] cell_write: key=system.memory.used
[DEBUG][CELL] Wrote cell, size:  0x00000004
[DEBUG][SYSCALL] cell_write: key=system.memory.total
[DEBUG][CELL] Wrote cell, size:  0x00000004
[DEBUG][SYSCALL] cell_write: key=system.memory.free
[DEBUG][CELL] Wrote cell, size:  0x00000004
[DEBUG][SYSCALL] cell_write: key=system.memory.used
[DEBUG][CELL] Wrote cell, size:  0x00000004
[DEBUG][SYSCALL] cell_write: key=system.memory.total
[DEBUG][CELL] Wrote cell, size:  0x00000004
[DEBUG][SYSCALL] cell_write: key=system.memory.free
[DEBUG][CELL] Wrote cell, size:  0x00000004
[DEBUG][SYSCALL] cell_write: key=system.memory.used
[DEBUG][CELL] Wrote cell, size:  0x00000004
[DEBUG][SYSCALL] cell_write: key=system.memory.total
[DEBUG][CELL] Wrote cell, size:  0x00000004
[DEBUG][SYSCALL] cell_write: key=system.memory.free
[DEBUG][CELL] Wrote cell, size:  0x00000004
[DEBUG][SYSCALL] cell_write: key=system.memory.used
[DEBUG][CELL] Wrote cell, size:  0x00000004
[DEBUG][SYSCALL] cell_write: key=system.memory.total
[DEBUG][CELL] Wrote cell, size:  0x00000004
[DEBUG][SYSCALL] cell_write: key=system.memory.free
[DEBUG][CELL] Wrote cell, size:  0x00000004
[DEBUG][SYSCALL] cell_write: key=system.memory.used
[DEBUG][CELL] Wrote cell, size:  0x00000004
[DEBUG][SYSCALL] cell_write: key=system.memory.total
[DEBUG][CELL] Wrote cell, size:  0x00000004
[DEBUG][SYSCALL] cell_write: key=system.memory.free
[DEBUG][CELL] Wrote cell, size:  0x00000004
[DEBUG][SYSCALL] cell_write: key=system.memory.used
[DEBUG][CELL] Wrote cell, size:  0x00000004
[DEBUG][SYSCALL] cell_write: key=system.memory.total
[DEBUG][CELL] Wrote cell, size:  0x00000004
[DEBUG][SYSCALL] cell_write: key=system.memory.free
[DEBUG][CELL] Wrote cell, size:  0x00000004
[DEBUG][SYSCALL] cell_write: key=system.memory.used
[DEBUG][CELL] Wrote cell, size:  0x00000004
[DEBUG][SYSCALL] cell_write: key=system.memory.total
[DEBUG][CELL] Wrote cell, size:  0x00000004
[DEBUG][SYSCALL] cell_write: key=system.memory.free
[DEBUG][CELL] Wrote cell, size:  0x00000004
[DEBUG][SYSCALL] cell_write: key=system.memory.used
[DEBUG][CELL] Wrote cell, size:  0x00000004
[DEBUG][SYSCALL] cell_write: key=system.memory.total
[DEBUG][CELL] Wrote cell, size:  0x00000004
[DEBUG][SYSCALL] cell_write: key=system.memory.free
[DEBUG][CELL] Wrote cell, size:  0x00000004
[DEBUG][SYSCALL] cell_write: key=system.memory.used
[DEBUG][CELL] Wrote cell, size:  0x00000004
[DEBUG][SYSCALL] cell_write: key=system.memory.total
[DEBUG][CELL] Wrote cell, size:  0x00000004
[DEBUG][SYSCALL] cell_write: key=system.memory.free
[DEBUG][CELL] Wrote cell, size:  0x00000004
[DEBUG][SYSCALL] cell_write: key=system.memory.used
[DEBUG][CELL] Wrote cell, size:  0x00000004
[DEBUG][SYSCALL] cell_write: key=system.memory.total
[DEBUG][CELL] Wrote cell, size:  0x00000004
[DEBUG][SYSCALL] cell_write: key=system.memory.free
[DEBUG][CELL] Wrote cell, size:  0x00000004
[DEBUG][SYSCALL] cell_write: key=system.memory.used
[DEBUG][CELL] Wrote cell, size:  0x00000004
[DEBUG][SYSCALL] cell_write: key=system.memory.total
[DEBUG][CELL] Wrote cell, size:  0x00000004
[DEBUG][SYSCALL] cell_write: key=system.memory.free
[DEBUG][CELL] Wrote cell, size:  0x00000004
[DEBUG][SYSCALL] cell_write: key=system.memory.used
[DEBUG][CELL] Wrote cell, size:  0x00000004
[DEBUG][SYSCALL] cell_write: key=system.memory.total
[DEBUG][CELL] Wrote cell, size:  0x00000004
[DEBUG][SYSCALL] cell_write: key=system.memory.free
[DEBUG][CELL] Wrote cell, size:  0x00000004
[DEBUG][SYSCALL] cell_write: key=system.memory.used
[DEBUG][CELL] Wrote cell, size:  0x00000004
[DEBUG][SYSCALL] cell_write: key=system.memory.total
[DEBUG][CELL] Wrote cell, size:  0x00000004
[DEBUG][SYSCALL] cell_write: key=system.memory.free
[DEBUG][CELL] Wrote cell, size:  0x00000004
[DEBUG][SYSCALL] cell_write: key=system.memory.used
[DEBUG][CELL] Wrote cell, size:  0x00000004
[DEBUG][SYSCALL] cell_write: key=system.memory.total
[DEBUG][CELL] Wrote cell, size:  0x00000004
[DEBUG][SYSCALL] cell_write: key=system.memory.free
[DEBUG][CELL] Wrote cell, size:  0x00000004
[DEBUG][SYSCALL] cell_write: key=system.memory.used
[DEBUG][CELL] Wrote cell, size:  0x00000004
[DEBUG][SYSCALL] cell_write: key=system.memory.total
[DEBUG][CELL] Wrote cell, size:  0x00000004
[DEBUG][SYSCALL] cell_write: key=system.memory.free
[DEBUG][CELL] Wrote cell, size:  0x00000004
[DEBUG][SYSCALL] cell_write: key=system.memory.used
[DEBUG][CELL] Wrote cell, size:  0x00000004
[DEBUG][SYSCALL] cell_write: key=system.memory.total
[DEBUG][CELL] Wrote cell, size:  0x00000004
[DEBUG][SYSCALL] cell_write: key=system.memory.free
[DEBUG][CELL] Wrote cell, size:  0x00000004
[DEBUG][SYSCALL] cell_write: key=system.memory.used
[DEBUG][CELL] Wrote cell, size:  0x00000004
[DEBUG][SYSCALL] cell_write: key=system.memory.total
[DEBUG][CELL] Wrote cell, size:  0x00000004
[DEBUG][SYSCALL] cell_write: key=system.memory.free
[DEBUG][CELL] Wrote cell, size:  0x00000004
[DEBUG][SYSCALL] cell_write: key=system.memory.used
[DEBUG][CELL] Wrote cell, size:  0x00000004
[DEBUG][SYSCALL] cell_write: key=system.memory.total
[DEBUG][CELL] Wrote cell, size:  0x00000004
[DEBUG][SYSCALL] cell_write: key=system.memory.free
[DEBUG][CELL] Wrote cell, size:  0x00000004
[DEBUG][SYSCALL] cell_write: key=system.memory.used
[DEBUG][CELL] Wrote cell, size:  0x00000004
[DEBUG][SYSCALL] cell_write: key=system.memory.total
[DEBUG][CELL] Wrote cell, size:  0x00000004
[DEBUG][SYSCALL] cell_write: key=system.memory.free
[DEBUG][CELL] Wrote cell, size:  0x00000004
[DEBUG][SYSCALL] cell_write: key=system.memory.used
[DEBUG][CELL] Wrote cell, size:  0x00000004
[DEBUG][SYSCALL] cell_write: key=system.memory.total
[DEBUG][CELL] Wrote cell, size:  0x00000004
[DEBUG][SYSCALL] cell_write: key=system.memory.free
[DEBUG][CELL] Wrote cell, size:  0x00000004
[DEBUG][SYSCALL] cell_write: key=system.memory.used
[DEBUG][CELL] Wrote cell, size:  0x00000004
[DEBUG][SYSCALL] cell_write: key=system.memory.total
[DEBUG][CELL] Wrote cell, size:  0x00000004
[DEBUG][SYSCALL] cell_write: key=system.memory.free
[DEBUG][CELL] Wrote cell, size:  0x00000004
[DEBUG][SYSCALL] cell_write: key=system.memory.used
[DEBUG][CELL] Wrote cell, size:  0x00000004
[DEBUG][SYSCALL] cell_write: key=system.memory.total
[DEBUG][CELL] Wrote cell, size:  0x00000004
[DEBUG][SYSCALL] cell_write: key=system.memory.free
[DEBUG][CELL] Wrote cell, size:  0x00000004
[DEBUG][SYSCALL] cell_write: key=system.memory.used
[DEBUG][CELL] Wrote cell, size:  0x00000004
[DEBUG][SYSCALL] cell_write: key=system.memory.total
[DEBUG][CELL] Wrote cell, size:  0x00000004
[DEBUG][SYSCALL] cell_write: key=system.memory.free
[DEBUG][CELL] Wrote cell, size:  0x00000004
[DEBUG][SYSCALL] SHM attach: PID/SHM:  0x0000000B, 0x0000000B
[INFO ][SHM] Attached to PID, virt addr:  0x0000000B, 0x80B00000
[DEBUG][SYSCALL] SHM attach: PID/SHM:  0x0000000B, 0x0000000C
[INFO ][SHM] Attached to PID, virt addr:  0x0000000B, 0x80C00000
[DEBUG][SYSCALL] cell_write: key=system.memory.used
[DEBUG][CELL] Wrote cell, size:  0x00000004
[DEBUG][SYSCALL] SHM create: PID/size:  0x00000006, 0x00000058
[DEBUG][PMM] Allocated contiguous block at 0x02625000
[INFO ][SHM] Created region, ID/size:  0x00000015, 0x00001000
[DEBUG][SYSCALL] SHM attach: PID/SHM:  0x00000006, 0x00000015
[INFO ][SHM] Attached to PID, virt addr:  0x00000006, 0x81500000
[DEBUG][SYSCALL] SHM detach: PID/SHM:  0x00000006, 0x00000015
[INFO ][SHM] Detached from PID/SHM:  0x00000006, 0x00000015
[DEBUG][SYSCALL] cell_write: key=system.memory.total
[DEBUG][CELL] Wrote cell, size:  0x00000004
[DEBUG][SYSCALL] SHM attach: PID/SHM:  0x0000000B, 0x00000015
[INFO ][SHM] Attached to PID, virt addr:  0x0000000B, 0x81500000
[DEBUG][SYSCALL] SHM detach: PID/SHM:  0x0000000B, 0x00000015
[INFO ][SHM] Detached from PID/SHM:  0x0000000B, 0x00000015
[DEBUG][SYSCALL] SHM destroy:  0x00000015
[INFO ][SHM] Destroyed region:  0x00000015
[DEBUG][SYSCALL] cell_write: key=system.memory.free
[DEBUG][CELL] Wrote cell, size:  0x00000004
[DEBUG][SYSCALL] cell_write: key=system.memory.used
[DEBUG][CELL] Wrote cell, size:  0x00000004
[DEBUG][SYSCALL] cell_write: key=system.memory.total
[DEBUG][CELL] Wrote cell, size:  0x00000004
[DEBUG][SYSCALL] cell_write: key=system.memory.free
[DEBUG][CELL] Wrote cell, size:  0x00000004
[DEBUG][SYSCALL] cell_write: key=system.memory.used
[DEBUG][CELL] Wrote cell, size:  0x00000004
[DEBUG][SYSCALL] cell_write: key=system.memory.total
[DEBUG][CELL] Wrote cell, size:  0x00000004
[DEBUG][SYSCALL] cell_write: key=system.memory.free
[DEBUG][CELL] Wrote cell, size:  0x00000004
[DEBUG][SYSCALL] cell_write: key=system.memory.used
[DEBUG][CELL] Wrote cell, size:  0x00000004
[DEBUG][SYSCALL] cell_write: key=system.memory.total
[DEBUG][CELL] Wrote cell, size:  0x00000004
[DEBUG][SYSCALL] cell_write: key=system.memory.free
[DEBUG][CELL] Wrote cell, size:  0x00000004
[DEBUG][SYSCALL] cell_write: key=system.memory.used
[DEBUG][CELL] Wrote cell, size:  0x00000004
[DEBUG][SYSCALL] cell_write: key=system.memory.total
[DEBUG][CELL] Wrote cell, size:  0x00000004
[DEBUG][SYSCALL] cell_write: key=system.memory.free
[DEBUG][CELL] Wrote cell, size:  0x00000004
[DEBUG][SYSCALL] cell_write: key=system.memory.used
[DEBUG][CELL] Wrote cell, size:  0x00000004
[DEBUG][SYSCALL] cell_write: key=system.memory.total
[DEBUG][CELL] Wrote cell, size:  0x00000004
[DEBUG][SYSCALL] cell_write: key=system.memory.free
[DEBUG][CELL] Wrote cell, size:  0x00000004
[DEBUG][SYSCALL] cell_write: key=system.memory.used
[DEBUG][CELL] Wrote cell, size:  0x00000004
[DEBUG][SYSCALL] cell_write: key=system.memory.total
[DEBUG][CELL] Wrote cell, size:  0x00000004
[DEBUG][SYSCALL] cell_write: key=system.memory.free
[DEBUG][CELL] Wrote cell, size:  0x00000004
[DEBUG][SYSCALL] cell_write: key=system.memory.used
[DEBUG][CELL] Wrote cell, size:  0x00000004
[DEBUG][SYSCALL] cell_write: key=system.memory.total
[DEBUG][CELL] Wrote cell, size:  0x00000004
[DEBUG][SYSCALL] cell_write: key=system.memory.free
[DEBUG][CELL] Wrote cell, size:  0x00000004
[DEBUG][SYSCALL] cell_write: key=system.memory.used
[DEBUG][CELL] Wrote cell, size:  0x00000004
[DEBUG][SYSCALL] cell_write: key=system.memory.total
[DEBUG][CELL] Wrote cell, size:  0x00000004
[DEBUG][SYSCALL] cell_write: key=system.memory.free
[DEBUG][CELL] Wrote cell, size:  0x00000004
[DEBUG][SYSCALL] cell_write: key=system.memory.used
[DEBUG][CELL] Wrote cell, size:  0x00000004
[DEBUG][SYSCALL] cell_write: key=system.memory.total
[DEBUG][CELL] Wrote cell, size:  0x00000004
[DEBUG][SYSCALL] cell_write: key=system.memory.free
[DEBUG][CELL] Wrote cell, size:  0x00000004
[DEBUG][SYSCALL] cell_write: key=system.memory.used
[DEBUG][CELL] Wrote cell, size:  0x00000004
[DEBUG][SYSCALL] cell_write: key=system.memory.total
[DEBUG][CELL] Wrote cell, size:  0x00000004
[DEBUG][SYSCALL] cell_write: key=system.memory.free
[DEBUG][CELL] Wrote cell, size:  0x00000004
[DEBUG][SYSCALL] cell_write: key=system.memory.used
[DEBUG][CELL] Wrote cell, size:  0x00000004
[DEBUG][SYSCALL] cell_write: key=system.memory.total
[DEBUG][CELL] Wrote cell, size:  0x00000004
[DEBUG][SYSCALL] cell_write: key=system.memory.free
[DEBUG][CELL] Wrote cell, size:  0x00000004
[DEBUG][SYSCALL] cell_write: key=system.memory.used
[DEBUG][CELL] Wrote cell, size:  0x00000004
[DEBUG][SYSCALL] cell_write: key=system.memory.total
[DEBUG][CELL] Wrote cell, size:  0x00000004
[DEBUG][SYSCALL] cell_write: key=system.memory.free
[DEBUG][CELL] Wrote cell, size:  0x00000004
[DEBUG][SYSCALL] cell_write: key=system.memory.used
[DEBUG][CELL] Wrote cell, size:  0x00000004
[DEBUG][SYSCALL] cell_write: key=system.memory.total
[DEBUG][CELL] Wrote cell, size:  0x00000004
[DEBUG][SYSCALL] cell_write: key=system.memory.free
[DEBUG][CELL] Wrote cell, size:  0x00000004
[DEBUG][SYSCALL] cell_write: key=system.memory.used
[DEBUG][CELL] Wrote cell, size:  0x00000004
[DEBUG][SYSCALL] cell_write: key=system.memory.total
[DEBUG][CELL] Wrote cell, size:  0x00000004
[DEBUG][SYSCALL] cell_write: key=system.memory.free
[DEBUG][CELL] Wrote cell, size:  0x00000004
[DEBUG][SYSCALL] cell_write: key=system.memory.used
[DEBUG][CELL] Wrote cell, size:  0x00000004
[DEBUG][SYSCALL] cell_write: key=system.memory.total
[DEBUG][CELL] Wrote cell, size:  0x00000004
[DEBUG][SYSCALL] cell_write: key=system.memory.free
[DEBUG][CELL] Wrote cell, size:  0x00000004
[DEBUG][SYSCALL] cell_write: key=system.memory.used
[DEBUG][CELL] Wrote cell, size:  0x00000004
[DEBUG][SYSCALL] cell_write: key=system.memory.total
[DEBUG][CELL] Wrote cell, size:  0x00000004
[DEBUG][SYSCALL] cell_write: key=system.memory.free
[DEBUG][CELL] Wrote cell, size:  0x00000004
[DEBUG][SYSCALL] cell_write: key=system.memory.used
[DEBUG][CELL] Wrote cell, size:  0x00000004
[DEBUG][SYSCALL] cell_write: key=system.memory.total
[DEBUG][CELL] Wrote cell, size:  0x00000004
[DEBUG][SYSCALL] cell_write: key=system.memory.free
[DEBUG][CELL] Wrote cell, size:  0x00000004
[DEBUG][SYSCALL] cell_write: key=system.memory.used
[DEBUG][CELL] Wrote cell, size:  0x00000004
[DEBUG][SYSCALL] cell_write: key=system.memory.total
[DEBUG][CELL] Wrote cell, size:  0x00000004
[DEBUG][SYSCALL] cell_write: key=system.memory.free
[DEBUG][CELL] Wrote cell, size:  0x00000004
[DEBUG][SYSCALL] cell_write: key=system.memory.used
[DEBUG][CELL] Wrote cell, size:  0x00000004
[DEBUG][SYSCALL] cell_write: key=system.memory.total
[DEBUG][CELL] Wrote cell, size:  0x00000004
[DEBUG][SYSCALL] cell_write: key=system.memory.free
[DEBUG][CELL] Wrote cell, size:  0x00000004
[DEBUG][SYSCALL] cell_write: key=system.memory.used
[DEBUG][CELL] Wrote cell, size:  0x00000004
[DEBUG][SYSCALL] cell_write: key=system.memory.total
[DEBUG][CELL] Wrote cell, size:  0x00000004
[DEBUG][SYSCALL] cell_write: key=system.memory.free
[DEBUG][CELL] Wrote cell, size:  0x00000004
[DEBUG][SYSCALL] cell_write: key=system.memory.used
[DEBUG][CELL] Wrote cell, size:  0x00000004
[DEBUG][SYSCALL] cell_write: key=system.memory.total
[DEBUG][CELL] Wrote cell, size:  0x00000004
[DEBUG][SYSCALL] cell_write: key=system.memory.free
[DEBUG][CELL] Wrote cell, size:  0x00000004
[DEBUG][SYSCALL] cell_write: key=system.memory.used
[DEBUG][CELL] Wrote cell, size:  0x00000004
[DEBUG][SYSCALL] cell_write: key=system.memory.total
[DEBUG][CELL] Wrote cell, size:  0x00000004
[DEBUG][SYSCALL] cell_write: key=system.memory.free
[DEBUG][CELL] Wrote cell, size:  0x00000004
[DEBUG][SYSCALL] cell_write: key=system.memory.used
[DEBUG][CELL] Wrote cell, size:  0x00000004
[DEBUG][SYSCALL] cell_write: key=system.memory.total
[DEBUG][CELL] Wrote cell, size:  0x00000004
[DEBUG][SYSCALL] cell_write: key=system.memory.free
[DEBUG][CELL] Wrote cell, size:  0x00000004
[DEBUG][SYSCALL] cell_write: key=system.memory.used
[DEBUG][CELL] Wrote cell, size:  0x00000004
[DEBUG][SYSCALL] cell_write: key=system.memory.total
[DEBUG][CELL] Wrote cell, size:  0x00000004
[DEBUG][SYSCALL] cell_write: key=system.memory.free
[DEBUG][CELL] Wrote cell, size:  0x00000004
[DEBUG][SYSCALL] cell_write: key=system.memory.used
[DEBUG][CELL] Wrote cell, size:  0x00000004
[DEBUG][SYSCALL] cell_write: key=system.memory.total
[DEBUG][CELL] Wrote cell, size:  0x00000004
[DEBUG][SYSCALL] cell_write: key=system.memory.free
[DEBUG][CELL] Wrote cell, size:  0x00000004
[DEBUG][SYSCALL] cell_write: key=system.memory.used
[DEBUG][CELL] Wrote cell, size:  0x00000004
[DEBUG][SYSCALL] cell_write: key=system.memory.total
[DEBUG][CELL] Wrote cell, size:  0x00000004
[DEBUG][SYSCALL] cell_write: key=system.memory.free
[DEBUG][CELL] Wrote cell, size:  0x00000004
[DEBUG][SYSCALL] cell_write: key=system.memory.used
[DEBUG][CELL] Wrote cell, size:  0x00000004
[DEBUG][SYSCALL] cell_write: key=system.memory.total
[DEBUG][CELL] Wrote cell, size:  0x00000004
[DEBUG][SYSCALL] cell_write: key=system.memory.free
[DEBUG][CELL] Wrote cell, size:  0x00000004
[DEBUG][SYSCALL] cell_write: key=system.memory.used
[DEBUG][CELL] Wrote cell, size:  0x00000004
[DEBUG][SYSCALL] cell_write: key=system.memory.total
[DEBUG][CELL] Wrote cell, size:  0x00000004
[DEBUG][SYSCALL] cell_write: key=system.memory.free
[DEBUG][CELL] Wrote cell, size:  0x00000004
[DEBUG][SYSCALL] cell_write: key=system.memory.used
[DEBUG][CELL] Wrote cell, size:  0x00000004
[DEBUG][SYSCALL] cell_write: key=system.memory.total
[DEBUG][CELL] Wrote cell, size:  0x00000004
[DEBUG][SYSCALL] cell_write: key=system.memory.free
[DEBUG][CELL] Wrote cell, size:  0x00000004
[DEBUG][SYSCALL] cell_write: key=system.memory.used
[DEBUG][CELL] Wrote cell, size:  0x00000004
[DEBUG][SYSCALL] cell_write: key=system.memory.total
[DEBUG][CELL] Wrote cell, size:  0x00000004
[DEBUG][SYSCALL] cell_write: key=system.memory.free
[DEBUG][CELL] Wrote cell, size:  0x00000004
[DEBUG][SYSCALL] cell_write: key=system.memory.used
[DEBUG][CELL] Wrote cell, size:  0x00000004
[DEBUG][SYSCALL] cell_write: key=system.memory.total
[DEBUG][CELL] Wrote cell, size:  0x00000004
[DEBUG][SYSCALL] cell_write: key=system.memory.free
[DEBUG][CELL] Wrote cell, size:  0x00000004
[DEBUG][SYSCALL] cell_write: key=system.memory.used
[DEBUG][CELL] Wrote cell, size:  0x00000004
[DEBUG][SYSCALL] cell_write: key=system.memory.total
[DEBUG][CELL] Wrote cell, size:  0x00000004
[DEBUG][SYSCALL] cell_write: key=system.memory.free
[DEBUG][CELL] Wrote cell, size:  0x00000004
[DEBUG][SYSCALL] cell_write: key=system.memory.used
[DEBUG][CELL] Wrote cell, size:  0x00000004
[DEBUG][SYSCALL] cell_write: key=system.memory.total
[DEBUG][CELL] Wrote cell, size:  0x00000004
[DEBUG][SYSCALL] cell_write: key=system.memory.free
[DEBUG][CELL] Wrote cell, size:  0x00000004
[DEBUG][SYSCALL] cell_write: key=system.memory.used
[DEBUG][CELL] Wrote cell, size:  0x00000004
[DEBUG][SYSCALL] cell_write: key=system.memory.total
[DEBUG][CELL] Wrote cell, size:  0x00000004
[DEBUG][SYSCALL] cell_write: key=system.memory.free
[DEBUG][CELL] Wrote cell, size:  0x00000004
[DEBUG][SYSCALL] cell_write: key=system.memory.used
[DEBUG][CELL] Wrote cell, size:  0x00000004
[DEBUG][SYSCALL] cell_write: key=system.memory.total
[DEBUG][CELL] Wrote cell, size:  0x00000004
[DEBUG][SYSCALL] cell_write: key=system.memory.free
[DEBUG][CELL] Wrote cell, size:  0x00000004
[DEBUG][SYSCALL] cell_write: key=system.memory.used
[DEBUG][CELL] Wrote cell, size:  0x00000004
[DEBUG][SYSCALL] cell_write: key=system.memory.total
[DEBUG][CELL] Wrote cell, size:  0x00000004
[DEBUG][SYSCALL] cell_write: key=system.memory.free
[DEBUG][CELL] Wrote cell, size:  0x00000004
[DEBUG][SYSCALL] cell_write: key=system.memory.used
[DEBUG][CELL] Wrote cell, size:  0x00000004
[DEBUG][SYSCALL] cell_write: key=system.memory.total
[DEBUG][CELL] Wrote cell, size:  0x00000004
[DEBUG][SYSCALL] cell_write: key=system.memory.free
[DEBUG][CELL] Wrote cell, size:  0x00000004
[DEBUG][SYSCALL] cell_write: key=system.memory.used
[DEBUG][CELL] Wrote cell, size:  0x00000004
[DEBUG][SYSCALL] cell_write: key=system.memory.total
[DEBUG][CELL] Wrote cell, size:  0x00000004
[DEBUG][SYSCALL] cell_write: key=system.memory.free
[DEBUG][CELL] Wrote cell, size:  0x00000004
[DEBUG][SYSCALL] cell_write: key=system.memory.used
[DEBUG][CELL] Wrote cell, size:  0x00000004
[DEBUG][SYSCALL] cell_write: key=system.memory.total
[DEBUG][CELL] Wrote cell, size:  0x00000004
[DEBUG][SYSCALL] cell_write: key=system.memory.free
[DEBUG][CELL] Wrote cell, size:  0x00000004
[DEBUG][SYSCALL] cell_write: key=system.memory.used
[DEBUG][CELL] Wrote cell, size:  0x00000004
[DEBUG][SYSCALL] cell_write: key=system.memory.total
[DEBUG][CELL] Wrote cell, size:  0x00000004
[DEBUG][SYSCALL] cell_write: key=system.memory.free
[DEBUG][CELL] Wrote cell, size:  0x00000004
[DEBUG][SYSCALL] cell_write: key=system.memory.used
[DEBUG][CELL] Wrote cell, size:  0x00000004
[DEBUG][SYSCALL] cell_write: key=system.memory.total
[DEBUG][CELL] Wrote cell, size:  0x00000004
[DEBUG][SYSCALL] cell_write: key=system.memory.free
[DEBUG][CELL] Wrote cell, size:  0x00000004
[DEBUG][SYSCALL] cell_write: key=system.memory.used
[DEBUG][CELL] Wrote cell, size:  0x00000004
[DEBUG][SYSCALL] cell_write: key=system.memory.total
[DEBUG][CELL] Wrote cell, size:  0x00000004
[DEBUG][SYSCALL] cell_write: key=system.memory.free
[DEBUG][CELL] Wrote cell, size:  0x00000004
[DEBUG][SYSCALL] cell_write: key=system.memory.used
[DEBUG][CELL] Wrote cell, size:  0x00000004
[DEBUG][SYSCALL] cell_write: key=system.memory.total
[DEBUG][CELL] Wrote cell, size:  0x00000004
[DEBUG][SYSCALL] cell_write: key=system.memory.free
[DEBUG][CELL] Wrote cell, size:  0x00000004
[DEBUG][SYSCALL] cell_write: key=system.memory.used
[DEBUG][CELL] Wrote cell, size:  0x00000004
[DEBUG][SYSCALL] cell_write: key=system.memory.total
[DEBUG][CELL] Wrote cell, size:  0x00000004
[DEBUG][SYSCALL] cell_write: key=system.memory.free
[DEBUG][CELL] Wrote cell, size:  0x00000004
[DEBUG][SYSCALL] cell_write: key=system.memory.used
[DEBUG][CELL] Wrote cell, size:  0x00000004
[DEBUG][SYSCALL] cell_write: key=system.memory.total
[DEBUG][CELL] Wrote cell, size:  0x00000004
[DEBUG][SYSCALL] cell_write: key=system.memory.free
[DEBUG][CELL] Wrote cell, size:  0x00000004
[DEBUG][SYSCALL] cell_write: key=system.memory.used
[DEBUG][CELL] Wrote cell, size:  0x00000004
[DEBUG][SYSCALL] cell_write: key=system.memory.total
[DEBUG][CELL] Wrote cell, size:  0x00000004
[DEBUG][SYSCALL] cell_write: key=system.memory.free
[DEBUG][CELL] Wrote cell, size:  0x00000004
[DEBUG][SYSCALL] cell_write: key=system.memory.used
[DEBUG][CELL] Wrote cell, size:  0x00000004
[DEBUG][SYSCALL] cell_write: key=system.memory.total
[DEBUG][CELL] Wrote cell, size:  0x00000004
[DEBUG][SYSCALL] cell_write: key=system.memory.free
[DEBUG][CELL] Wrote cell, size:  0x00000004
[DEBUG][SYSCALL] cell_write: key=system.memory.used
[DEBUG][CELL] Wrote cell, size:  0x00000004
[DEBUG][SYSCALL] cell_write: key=system.memory.total
[DEBUG][CELL] Wrote cell, size:  0x00000004
[DEBUG][SYSCALL] cell_write: key=system.memory.free
[DEBUG][CELL] Wrote cell, size:  0x00000004
[DEBUG][SYSCALL] cell_write: key=system.memory.used
[DEBUG][CELL] Wrote cell, size:  0x00000004
[DEBUG][SYSCALL] cell_write: key=system.memory.total
[DEBUG][CELL] Wrote cell, size:  0x00000004
[DEBUG][SYSCALL] cell_write: key=system.memory.free
[DEBUG][CELL] Wrote cell, size:  0x00000004
[DEBUG][SYSCALL] cell_write: key=system.memory.used
[DEBUG][CELL] Wrote cell, size:  0x00000004
[DEBUG][SYSCALL] cell_write: key=system.memory.total
[DEBUG][CELL] Wrote cell, size:  0x00000004
[DEBUG][SYSCALL] cell_write: key=system.memory.free
[DEBUG][CELL] Wrote cell, size:  0x00000004
[DEBUG][SYSCALL] cell_write: key=system.memory.used
[DEBUG][CELL] Wrote cell, size:  0x00000004
[DEBUG][SYSCALL] cell_write: key=system.memory.total
[DEBUG][CELL] Wrote cell, size:  0x00000004
[DEBUG][SYSCALL] cell_write: key=system.memory.free
[DEBUG][CELL] Wrote cell, size:  0x00000004
[DEBUG][SYSCALL] cell_write: key=system.memory.used
[DEBUG][CELL] Wrote cell, size:  0x00000004
[DEBUG][SYSCALL] cell_write: key=system.memory.total
[DEBUG][CELL] Wrote cell, size:  0x00000004
[DEBUG][SYSCALL] cell_write: key=system.memory.free
[DEBUG][CELL] Wrote cell, size:  0x00000004
[DEBUG][SYSCALL] cell_write: key=system.memory.used
[DEBUG][CELL] Wrote cell, size:  0x00000004
[DEBUG][SYSCALL] cell_write: key=system.memory.total
[DEBUG][CELL] Wrote cell, size:  0x00000004
[DEBUG][SYSCALL] cell_write: key=system.memory.free
[DEBUG][CELL] Wrote cell, size:  0x00000004
[DEBUG][SYSCALL] cell_write: key=system.memory.used
[DEBUG][CELL] Wrote cell, size:  0x00000004
[DEBUG][SYSCALL] cell_write: key=system.memory.total
[DEBUG][CELL] Wrote cell, size:  0x00000004
[DEBUG][SYSCALL] cell_write: key=system.memory.free
[DEBUG][CELL] Wrote cell, size:  0x00000004
[DEBUG][SYSCALL] cell_write: key=system.memory.used
[DEBUG][CELL] Wrote cell, size:  0x00000004
[DEBUG][SYSCALL] cell_write: key=system.memory.total
[DEBUG][CELL] Wrote cell, size:  0x00000004
[DEBUG][SYSCALL] cell_write: key=system.memory.free
[DEBUG][CELL] Wrote cell, size:  0x00000004
[DEBUG][SYSCALL] cell_write: key=system.memory.used
[DEBUG][CELL] Wrote cell, size:  0x00000004
[DEBUG][SYSCALL] cell_write: key=system.memory.total
[DEBUG][CELL] Wrote cell, size:  0x00000004
[DEBUG][SYSCALL] cell_write: key=system.memory.free
[DEBUG][CELL] Wrote cell, size:  0x00000004
[DEBUG][SYSCALL] cell_write: key=system.memory.used
[DEBUG][CELL] Wrote cell, size:  0x00000004
[DEBUG][SYSCALL] cell_write: key=system.memory.total
[DEBUG][CELL] Wrote cell, size:  0x00000004
[DEBUG][SYSCALL] cell_write: key=system.memory.free
[DEBUG][CELL] Wrote cell, size:  0x00000004
[DEBUG][SYSCALL] cell_write: key=system.memory.used
[DEBUG][CELL] Wrote cell, size:  0x00000004
[DEBUG][SYSCALL] cell_write: key=system.memory.total
[DEBUG][CELL] Wrote cell, size:  0x00000004
[DEBUG][SYSCALL] cell_write: key=system.memory.free
[DEBUG][CELL] Wrote cell, size:  0x00000004
[DEBUG][SYSCALL] cell_write: key=system.memory.used
[DEBUG][CELL] Wrote cell, size:  0x00000004
[DEBUG][SYSCALL] cell_write: key=system.memory.total
[DEBUG][CELL] Wrote cell, size:  0x00000004
[DEBUG][SYSCALL] cell_write: key=system.memory.free
[DEBUG][CELL] Wrote cell, size:  0x00000004
[DEBUG][SYSCALL] cell_write: key=system.memory.used
[DEBUG][CELL] Wrote cell, size:  0x00000004
[DEBUG][SYSCALL] cell_write: key=system.memory.total
[DEBUG][CELL] Wrote cell, size:  0x00000004
[DEBUG][SYSCALL] cell_write: key=system.memory.free
[DEBUG][CELL] Wrote cell, size:  0x00000004
[DEBUG][SYSCALL] cell_write: key=system.memory.used
[DEBUG][CELL] Wrote cell, size:  0x00000004
[DEBUG][SYSCALL] SHM attach: PID/SHM:  0x0000000B, 0x00000011
[INFO ][SHM] Attached to PID, virt addr:  0x0000000B, 0x81100000
[DEBUG][SYSCALL] SHM attach: PID/SHM:  0x0000000B, 0x00000012
[INFO ][SHM] Attached to PID, virt addr:  0x0000000B, 0x81200000
[DEBUG][DEVMGR] ioctl: id= 0x00000004, 0x00000000
[DEBUG][DEVMGR] ioctl: id= 0x00000004, 0xFFFFFFFF
[INFO ][DISKEXEC] [U] Found disk index:0x00000000
[INFO ][DISKEXEC] [U] CD-ROM
[INFO ][DISKEXEC] [U]   Size MB:0x000002BC
[INFO ][DISKEXEC] [U] Total disks found:0x00000001
[DEBUG][SYSCALL] cell_write: key=system.memory.total
[DEBUG][CELL] Wrote cell, size:  0x00000004
[DEBUG][SYSCALL] cell_write: key=system.memory.free
[DEBUG][CELL] Wrote cell, size:  0x00000004
[DEBUG][SYSCALL] cell_write: key=system.memory.used
[DEBUG][CELL] Wrote cell, size:  0x00000004
[DEBUG][SYSCALL] cell_write: key=system.memory.total
[DEBUG][CELL] Wrote cell, size:  0x00000004
[DEBUG][SYSCALL] cell_write: key=system.memory.free
[DEBUG][CELL] Wrote cell, size:  0x00000004
[DEBUG][SYSCALL] cell_write: key=system.memory.used
[DEBUG][CELL] Wrote cell, size:  0x00000004
[DEBUG][SYSCALL] cell_write: key=system.memory.total
[DEBUG][CELL] Wrote cell, size:  0x00000004
[DEBUG][SYSCALL] cell_write: key=system.memory.free
[DEBUG][CELL] Wrote cell, size:  0x00000004
[DEBUG][SYSCALL] cell_write: key=system.memory.used
[DEBUG][CELL] Wrote cell, size:  0x00000004
[DEBUG][SYSCALL] cell_write: key=system.memory.total
[DEBUG][CELL] Wrote cell, size:  0x00000004
[DEBUG][SYSCALL] cell_write: key=system.memory.free
[DEBUG][CELL] Wrote cell, size:  0x00000004
[DEBUG][SYSCALL] cell_write: key=system.memory.used
[DEBUG][CELL] Wrote cell, size:  0x00000004
[DEBUG][SYSCALL] cell_write: key=system.memory.total
[DEBUG][CELL] Wrote cell, size:  0x00000004
[DEBUG][SYSCALL] cell_write: key=system.memory.free
[DEBUG][CELL] Wrote cell, size:  0x00000004
[DEBUG][SYSCALL] cell_write: key=system.memory.used
[DEBUG][CELL] Wrote cell, size:  0x00000004
[DEBUG][SYSCALL] cell_write: key=system.memory.total
[DEBUG][CELL] Wrote cell, size:  0x00000004
[DEBUG][SYSCALL] cell_write: key=system.memory.free
[DEBUG][CELL] Wrote cell, size:  0x00000004
[DEBUG][SYSCALL] cell_write: key=system.memory.used
[DEBUG][CELL] Wrote cell, size:  0x00000004
[DEBUG][SYSCALL] cell_write: key=system.memory.total
[DEBUG][CELL] Wrote cell, size:  0x00000004
[DEBUG][SYSCALL] cell_write: key=system.memory.free
[DEBUG][CELL] Wrote cell, size:  0x00000004
[DEBUG][SYSCALL] cell_write: key=system.memory.used
[DEBUG][CELL] Wrote cell, size:  0x00000004
[DEBUG][SYSCALL] cell_write: key=system.memory.total
[DEBUG][CELL] Wrote cell, size:  0x00000004
[DEBUG][SYSCALL] cell_write: key=system.memory.free
[DEBUG][CELL] Wrote cell, size:  0x00000004
[DEBUG][SYSCALL] cell_write: key=system.memory.used
[DEBUG][CELL] Wrote cell, size:  0x00000004
[DEBUG][SYSCALL] cell_write: key=system.memory.total
[DEBUG][CELL] Wrote cell, size:  0x00000004
[DEBUG][SYSCALL] cell_write: key=system.memory.free
[DEBUG][CELL] Wrote cell, size:  0x00000004
[DEBUG][SYSCALL] cell_write: key=system.memory.used
[DEBUG][CELL] Wrote cell, size:  0x00000004
[DEBUG][SYSCALL] cell_write: key=system.memory.total
[DEBUG][CELL] Wrote cell, size:  0x00000004
[DEBUG][SYSCALL] cell_write: key=system.memory.free
[DEBUG][CELL] Wrote cell, size:  0x00000004
[DEBUG][SYSCALL] cell_write: key=system.memory.used
[DEBUG][CELL] Wrote cell, size:  0x00000004
[DEBUG][SYSCALL] cell_write: key=system.memory.total
[DEBUG][CELL] Wrote cell, size:  0x00000004
[DEBUG][SYSCALL] cell_write: key=system.memory.free
[DEBUG][CELL] Wrote cell, size:  0x00000004
[DEBUG][SYSCALL] cell_write: key=system.memory.used
[DEBUG][CELL] Wrote cell, size:  0x00000004
[DEBUG][SYSCALL] cell_write: key=system.memory.total
[DEBUG][CELL] Wrote cell, size:  0x00000004
[DEBUG][SYSCALL] cell_write: key=system.memory.free
[DEBUG][CELL] Wrote cell, size:  0x00000004
[DEBUG][SYSCALL] cell_write: key=system.memory.used
[DEBUG][CELL] Wrote cell, size:  0x00000004
[DEBUG][SYSCALL] cell_write: key=system.memory.total
[DEBUG][CELL] Wrote cell, size:  0x00000004
[DEBUG][SYSCALL] cell_write: key=system.memory.free
[DEBUG][CELL] Wrote cell, size:  0x00000004
[DEBUG][SYSCALL] cell_write: key=system.memory.used
[DEBUG][CELL] Wrote cell, size:  0x00000004
[DEBUG][SYSCALL] cell_write: key=system.memory.total
[DEBUG][CELL] Wrote cell, size:  0x00000004
[DEBUG][SYSCALL] cell_write: key=system.memory.free
[DEBUG][CELL] Wrote cell, size:  0x00000004
[DEBUG][SYSCALL] cell_write: key=system.memory.used
[DEBUG][CELL] Wrote cell, size:  0x00000004
[DEBUG][SYSCALL] cell_write: key=system.memory.total
[DEBUG][CELL] Wrote cell, size:  0x00000004
[DEBUG][SYSCALL] cell_write: key=system.memory.free
[DEBUG][CELL] Wrote cell, size:  0x00000004
[DEBUG][SYSCALL] cell_write: key=system.memory.used
[DEBUG][CELL] Wrote cell, size:  0x00000004
[DEBUG][SYSCALL] cell_write: key=system.memory.total
[DEBUG][CELL] Wrote cell, size:  0x00000004
[DEBUG][SYSCALL] cell_write: key=system.memory.free
[DEBUG][CELL] Wrote cell, size:  0x00000004
[DEBUG][SYSCALL] cell_write: key=system.memory.used
[DEBUG][CELL] Wrote cell, size:  0x00000004
[DEBUG][SYSCALL] cell_write: key=system.memory.total
[DEBUG][CELL] Wrote cell, size:  0x00000004
[DEBUG][SYSCALL] cell_write: key=system.memory.free
[DEBUG][CELL] Wrote cell, size:  0x00000004
[DEBUG][SYSCALL] cell_write: key=system.memory.used
[DEBUG][CELL] Wrote cell, size:  0x00000004
[DEBUG][SYSCALL] cell_write: key=system.memory.total
[DEBUG][CELL] Wrote cell, size:  0x00000004
[DEBUG][SYSCALL] cell_write: key=system.memory.free
[DEBUG][CELL] Wrote cell, size:  0x00000004
[DEBUG][SYSCALL] cell_write: key=system.memory.used
[DEBUG][CELL] Wrote cell, size:  0x00000004
[DEBUG][SYSCALL] cell_write: key=system.memory.total
[DEBUG][CELL] Wrote cell, size:  0x00000004
[DEBUG][SYSCALL] cell_write: key=system.memory.free
[DEBUG][CELL] Wrote cell, size:  0x00000004
[DEBUG][SYSCALL] cell_write: key=system.memory.used
[DEBUG][CELL] Wrote cell, size:  0x00000004
[DEBUG][SYSCALL] cell_write: key=system.memory.total
[DEBUG][CELL] Wrote cell, size:  0x00000004
[DEBUG][SYSCALL] cell_write: key=system.memory.free
[DEBUG][CELL] Wrote cell, size:  0x00000004
[DEBUG][SYSCALL] cell_write: key=system.memory.used
[DEBUG][CELL] Wrote cell, size:  0x00000004
[DEBUG][SYSCALL] cell_write: key=system.memory.total
[DEBUG][CELL] Wrote cell, size:  0x00000004
[DEBUG][SYSCALL] cell_write: key=system.memory.free
[DEBUG][CELL] Wrote cell, size:  0x00000004
[DEBUG][SYSCALL] cell_write: key=system.memory.used
[DEBUG][CELL] Wrote cell, size:  0x00000004
[DEBUG][SYSCALL] cell_write: key=system.memory.total
[DEBUG][CELL] Wrote cell, size:  0x00000004
[DEBUG][SYSCALL] cell_write: key=system.memory.free
[DEBUG][CELL] Wrote cell, size:  0x00000004
[DEBUG][SYSCALL] cell_write: key=system.memory.used
[DEBUG][CELL] Wrote cell, size:  0x00000004
[DEBUG][SYSCALL] cell_write: key=system.memory.total
[DEBUG][CELL] Wrote cell, size:  0x00000004
[DEBUG][SYSCALL] cell_write: key=system.memory.free
[DEBUG][CELL] Wrote cell, size:  0x00000004
[DEBUG][SYSCALL] cell_write: key=system.memory.used
[DEBUG][CELL] Wrote cell, size:  0x00000004
[DEBUG][SYSCALL] cell_write: key=system.memory.total
[DEBUG][CELL] Wrote cell, size:  0x00000004
[DEBUG][SYSCALL] cell_write: key=system.memory.free
[DEBUG][CELL] Wrote cell, size:  0x00000004
[DEBUG][SYSCALL] cell_write: key=system.memory.used
[DEBUG][CELL] Wrote cell, size:  0x00000004
[DEBUG][SYSCALL] cell_write: key=system.memory.total
[DEBUG][CELL] Wrote cell, size:  0x00000004
[DEBUG][SYSCALL] cell_write: key=system.memory.free
[DEBUG][CELL] Wrote cell, size:  0x00000004
[DEBUG][SYSCALL] cell_write: key=system.memory.used
[DEBUG][CELL] Wrote cell, size:  0x00000004
[DEBUG][SYSCALL] cell_write: key=system.memory.total
[DEBUG][CELL] Wrote cell, size:  0x00000004
[DEBUG][SYSCALL] cell_write: key=system.memory.free
[DEBUG][CELL] Wrote cell, size:  0x00000004
[DEBUG][SYSCALL] cell_write: key=system.memory.used
[DEBUG][CELL] Wrote cell, size:  0x00000004
[DEBUG][SYSCALL] cell_write: key=system.memory.total
[DEBUG][CELL] Wrote cell, size:  0x00000004
[DEBUG][SYSCALL] cell_write: key=system.memory.free
[DEBUG][CELL] Wrote cell, size:  0x00000004
[DEBUG][SYSCALL] cell_write: key=system.memory.used
[DEBUG][CELL] Wrote cell, size:  0x00000004
[DEBUG][SYSCALL] cell_write: key=system.memory.total
[DEBUG][CELL] Wrote cell, size:  0x00000004
[DEBUG][SYSCALL] cell_write: key=system.memory.free
[DEBUG][CELL] Wrote cell, size:  0x00000004
[DEBUG][SYSCALL] cell_write: key=system.memory.used
[DEBUG][CELL] Wrote cell, size:  0x00000004
[DEBUG][SYSCALL] cell_write: key=system.memory.total
[DEBUG][CELL] Wrote cell, size:  0x00000004
[DEBUG][SYSCALL] cell_write: key=system.memory.free
[DEBUG][CELL] Wrote cell, size:  0x00000004
[DEBUG][SYSCALL] cell_write: key=system.memory.used
[DEBUG][CELL] Wrote cell, size:  0x00000004
[DEBUG][SYSCALL] cell_write: key=system.memory.total
[DEBUG][CELL] Wrote cell, size:  0x00000004
[DEBUG][SYSCALL] cell_write: key=system.memory.free
[DEBUG][CELL] Wrote cell, size:  0x00000004
[DEBUG][SYSCALL] cell_write: key=system.memory.used
[DEBUG][CELL] Wrote cell, size:  0x00000004
[DEBUG][SYSCALL] cell_write: key=system.memory.total
[DEBUG][CELL] Wrote cell, size:  0x00000004
[DEBUG][SYSCALL] cell_write: key=system.memory.free
[DEBUG][CELL] Wrote cell, size:  0x00000004
[DEBUG][SYSCALL] cell_write: key=system.memory.used
[DEBUG][CELL] Wrote cell, size:  0x00000004
[DEBUG][SYSCALL] cell_write: key=system.memory.total
[DEBUG][CELL] Wrote cell, size:  0x00000004
[DEBUG][SYSCALL] cell_write: key=system.memory.free
[DEBUG][CELL] Wrote cell, size:  0x00000004
[DEBUG][SYSCALL] cell_write: key=system.memory.used
[DEBUG][CELL] Wrote cell, size:  0x00000004
[DEBUG][SYSCALL] cell_write: key=system.memory.total
[DEBUG][CELL] Wrote cell, size:  0x00000004
[DEBUG][SYSCALL] cell_write: key=system.memory.free
[DEBUG][CELL] Wrote cell, size:  0x00000004
[DEBUG][SYSCALL] cell_write: key=system.memory.used
[DEBUG][CELL] Wrote cell, size:  0x00000004
[DEBUG][SYSCALL] cell_write: key=system.memory.total
[DEBUG][CELL] Wrote cell, size:  0x00000004
[DEBUG][SYSCALL] cell_write: key=system.memory.free
[DEBUG][CELL] Wrote cell, size:  0x00000004
[DEBUG][SYSCALL] cell_write: key=system.memory.used
[DEBUG][CELL] Wrote cell, size:  0x00000004
[DEBUG][SYSCALL] cell_write: key=system.memory.total
[DEBUG][CELL] Wrote cell, size:  0x00000004
[DEBUG][SYSCALL] cell_write: key=system.memory.free
[DEBUG][CELL] Wrote cell, size:  0x00000004
[DEBUG][SYSCALL] cell_write: key=system.memory.used
[DEBUG][CELL] Wrote cell, size:  0x00000004
[DEBUG][SYSCALL] cell_write: key=system.memory.total
[DEBUG][CELL] Wrote cell, size:  0x00000004
[DEBUG][SYSCALL] cell_write: key=system.memory.free
[DEBUG][CELL] Wrote cell, size:  0x00000004
[DEBUG][SYSCALL] cell_write: key=system.memory.used
[DEBUG][CELL] Wrote cell, size:  0x00000004
[DEBUG][SYSCALL] cell_write: key=system.memory.total
[DEBUG][CELL] Wrote cell, size:  0x00000004
[DEBUG][SYSCALL] cell_write: key=system.memory.free
[DEBUG][CELL] Wrote cell, size:  0x00000004
[DEBUG][SYSCALL] cell_write: key=system.memory.used
[DEBUG][CELL] Wrote cell, size:  0x00000004
[DEBUG][SYSCALL] cell_write: key=system.memory.total
[DEBUG][CELL] Wrote cell, size:  0x00000004
[DEBUG][SYSCALL] cell_write: key=system.memory.free
[DEBUG][CELL] Wrote cell, size:  0x00000004
[DEBUG][SYSCALL] cell_write: key=system.memory.used
[DEBUG][CELL] Wrote cell, size:  0x00000004
[DEBUG][SYSCALL] cell_write: key=system.memory.total
[DEBUG][CELL] Wrote cell, size:  0x00000004
[DEBUG][SYSCALL] cell_write: key=system.memory.free
[DEBUG][CELL] Wrote cell, size:  0x00000004
[DEBUG][SYSCALL] cell_write: key=system.memory.used
[DEBUG][CELL] Wrote cell, size:  0x00000004
[DEBUG][SYSCALL] cell_write: key=system.memory.total
[DEBUG][CELL] Wrote cell, size:  0x00000004
[DEBUG][SYSCALL] cell_write: key=system.memory.free
[DEBUG][CELL] Wrote cell, size:  0x00000004
[DEBUG][SYSCALL] cell_write: key=system.memory.used
[DEBUG][CELL] Wrote cell, size:  0x00000004
[DEBUG][SYSCALL] cell_write: key=system.memory.total
[DEBUG][CELL] Wrote cell, size:  0x00000004
[DEBUG][SYSCALL] cell_write: key=system.memory.free
[DEBUG][CELL] Wrote cell, size:  0x00000004
[DEBUG][SYSCALL] cell_write: key=system.memory.used
[DEBUG][CELL] Wrote cell, size:  0x00000004
[DEBUG][SYSCALL] cell_write: key=system.memory.total
[DEBUG][CELL] Wrote cell, size:  0x00000004
[DEBUG][SYSCALL] fs_list_dir: path=/
[DEBUG][SYSCALL] SHM create: PID/size:  0x00000009, 0x000000D0
[DEBUG][PMM] Allocated contiguous block at 0x02625000
[INFO ][SHM] Created region, ID/size:  0x00000016, 0x00001000
[DEBUG][SYSCALL] SHM attach: PID/SHM:  0x00000009, 0x00000016
[INFO ][SHM] Attached to PID, virt addr:  0x00000009, 0x81600000
[DEBUG][FSEXEC] [U] LIST_DIR request
[DEBUG][FSEXEC] [U] LIST_DIR: entries found:0x00000004
[DEBUG][SYSCALL] SHM attach: PID/SHM:  0x0000000B, 0x00000016
[INFO ][SHM] Attached to PID, virt addr:  0x0000000B, 0x81600000
[DEBUG][SYSCALL] SHM detach: PID/SHM:  0x0000000B, 0x00000016
[INFO ][SHM] Detached from PID/SHM:  0x0000000B, 0x00000016
[DEBUG][SYSCALL] SHM destroy:  0x00000016
[WARN ][SHM] Cannot destroy, still attached:  0x00000016
[DEBUG][SYSCALL] cell_write: key=system.memory.free
[DEBUG][CELL] Wrote cell, size:  0x00000004
[DEBUG][SYSCALL] cell_write: key=system.memory.used
[DEBUG][CELL] Wrote cell, size:  0x00000004
[DEBUG][SYSCALL] cell_write: key=system.memory.total
[DEBUG][CELL] Wrote cell, size:  0x00000004
[DEBUG][SYSCALL] cell_write: key=system.memory.free
[DEBUG][CELL] Wrote cell, size:  0x00000004
[DEBUG][SYSCALL] cell_write: key=system.memory.used
[DEBUG][CELL] Wrote cell, size:  0x00000004
[DEBUG][SYSCALL] cell_write: key=system.memory.total
[DEBUG][CELL] Wrote cell, size:  0x00000004
[DEBUG][SYSCALL] cell_write: key=system.memory.free
[DEBUG][CELL] Wrote cell, size:  0x00000004
[DEBUG][SYSCALL] cell_write: key=system.memory.used
[DEBUG][CELL] Wrote cell, size:  0x00000004
[DEBUG][SYSCALL] cell_write: key=system.memory.total
[DEBUG][CELL] Wrote cell, size:  0x00000004
[DEBUG][SYSCALL] cell_write: key=system.memory.free
[DEBUG][CELL] Wrote cell, size:  0x00000004
[DEBUG][SYSCALL] cell_write: key=system.memory.used
[DEBUG][CELL] Wrote cell, size:  0x00000004
[DEBUG][SYSCALL] cell_write: key=system.memory.total
[DEBUG][CELL] Wrote cell, size:  0x00000004
[DEBUG][SYSCALL] cell_write: key=system.memory.free
[DEBUG][CELL] Wrote cell, size:  0x00000004
[DEBUG][SYSCALL] cell_write: key=system.memory.used
[DEBUG][CELL] Wrote cell, size:  0x00000004
[DEBUG][SYSCALL] cell_write: key=system.memory.total
[DEBUG][CELL] Wrote cell, size:  0x00000004
[DEBUG][SYSCALL] cell_write: key=system.memory.free
[DEBUG][CELL] Wrote cell, size:  0x00000004
[DEBUG][SYSCALL] cell_write: key=system.memory.used
[DEBUG][CELL] Wrote cell, size:  0x00000004
[DEBUG][SYSCALL] cell_write: key=system.memory.total
[DEBUG][CELL] Wrote cell, size:  0x00000004
[DEBUG][SYSCALL] cell_write: key=system.memory.free
[DEBUG][CELL] Wrote cell, size:  0x00000004
[DEBUG][SYSCALL] cell_write: key=system.memory.used
[DEBUG][CELL] Wrote cell, size:  0x00000004
[DEBUG][SYSCALL] cell_write: key=system.memory.total
[DEBUG][CELL] Wrote cell, size:  0x00000004
[DEBUG][SYSCALL] cell_write: key=system.memory.free
[DEBUG][CELL] Wrote cell, size:  0x00000004
[DEBUG][SYSCALL] cell_write: key=system.memory.used
[DEBUG][CELL] Wrote cell, size:  0x00000004
[DEBUG][SYSCALL] cell_write: key=system.memory.total
[DEBUG][CELL] Wrote cell, size:  0x00000004
[DEBUG][SYSCALL] cell_write: key=system.memory.free
[DEBUG][CELL] Wrote cell, size:  0x00000004
[DEBUG][SYSCALL] cell_write: key=system.memory.used
[DEBUG][CELL] Wrote cell, size:  0x00000004
[DEBUG][SYSCALL] cell_write: key=system.memory.total
[DEBUG][CELL] Wrote cell, size:  0x00000004
[DEBUG][SYSCALL] cell_write: key=system.memory.free
[DEBUG][CELL] Wrote cell, size:  0x00000004
[DEBUG][SYSCALL] cell_write: key=system.memory.used
[DEBUG][CELL] Wrote cell, size:  0x00000004
[DEBUG][SYSCALL] cell_write: key=system.memory.total
[DEBUG][CELL] Wrote cell, size:  0x00000004
[DEBUG][SYSCALL] cell_write: key=system.memory.free
[DEBUG][CELL] Wrote cell, size:  0x00000004
[DEBUG][SYSCALL] cell_write: key=system.memory.used
[DEBUG][CELL] Wrote cell, size:  0x00000004
[DEBUG][SYSCALL] cell_write: key=system.memory.total
[DEBUG][CELL] Wrote cell, size:  0x00000004
[DEBUG][SYSCALL] cell_write: key=system.memory.free
[DEBUG][CELL] Wrote cell, size:  0x00000004
[DEBUG][SYSCALL] cell_write: key=system.memory.used
[DEBUG][CELL] Wrote cell, size:  0x00000004
[DEBUG][SYSCALL] cell_write: key=system.memory.total
[DEBUG][CELL] Wrote cell, size:  0x00000004
[DEBUG][SYSCALL] cell_write: key=system.memory.free
[DEBUG][CELL] Wrote cell, size:  0x00000004
[DEBUG][SYSCALL] cell_write: key=system.memory.used
[DEBUG][CELL] Wrote cell, size:  0x00000004
[DEBUG][SYSCALL] cell_write: key=system.memory.total
[DEBUG][CELL] Wrote cell, size:  0x00000004
[DEBUG][SYSCALL] cell_write: key=system.memory.free
[DEBUG][CELL] Wrote cell, size:  0x00000004
[DEBUG][SYSCALL] cell_write: key=system.memory.used
[DEBUG][CELL] Wrote cell, size:  0x00000004
[DEBUG][SYSCALL] cell_write: key=system.memory.total
[DEBUG][CELL] Wrote cell, size:  0x00000004
[DEBUG][SYSCALL] cell_write: key=system.memory.free
[DEBUG][CELL] Wrote cell, size:  0x00000004
[DEBUG][SYSCALL] cell_write: key=system.memory.used
[DEBUG][CELL] Wrote cell, size:  0x00000004
[DEBUG][SYSCALL] cell_write: key=system.memory.total
[DEBUG][CELL] Wrote cell, size:  0x00000004
[DEBUG][SYSCALL] cell_write: key=system.memory.free
[DEBUG][CELL] Wrote cell, size:  0x00000004
[DEBUG][SYSCALL] cell_write: key=system.memory.used
[DEBUG][CELL] Wrote cell, size:  0x00000004
[DEBUG][SYSCALL] cell_write: key=system.memory.total
[DEBUG][CELL] Wrote cell, size:  0x00000004
[DEBUG][SYSCALL] cell_write: key=system.memory.free
[DEBUG][CELL] Wrote cell, size:  0x00000004
[DEBUG][SYSCALL] cell_write: key=system.memory.used
[DEBUG][CELL] Wrote cell, size:  0x00000004
[DEBUG][SYSCALL] cell_write: key=system.memory.total
[DEBUG][CELL] Wrote cell, size:  0x00000004
[DEBUG][SYSCALL] cell_write: key=system.memory.free
[DEBUG][CELL] Wrote cell, size:  0x00000004
[DEBUG][SYSCALL] cell_write: key=system.memory.used
[DEBUG][CELL] Wrote cell, size:  0x00000004
[DEBUG][SYSCALL] cell_write: key=system.memory.total
[DEBUG][CELL] Wrote cell, size:  0x00000004
[DEBUG][SYSCALL] cell_write: key=system.memory.free
[DEBUG][CELL] Wrote cell, size:  0x00000004
[DEBUG][SYSCALL] cell_write: key=system.memory.used
[DEBUG][CELL] Wrote cell, size:  0x00000004
[DEBUG][SYSCALL] cell_write: key=system.memory.total
[DEBUG][CELL] Wrote cell, size:  0x00000004
[DEBUG][SYSCALL] cell_write: key=system.memory.free
[DEBUG][CELL] Wrote cell, size:  0x00000004
[DEBUG][SYSCALL] cell_write: key=system.memory.used
[DEBUG][CELL] Wrote cell, size:  0x00000004
[DEBUG][SYSCALL] cell_write: key=system.memory.total
[DEBUG][CELL] Wrote cell, size:  0x00000004
[DEBUG][SYSCALL] cell_write: key=system.memory.free
[DEBUG][CELL] Wrote cell, size:  0x00000004
[DEBUG][SYSCALL] cell_write: key=system.memory.used
[DEBUG][CELL] Wrote cell, size:  0x00000004
[DEBUG][SYSCALL] cell_write: key=system.memory.total
[DEBUG][CELL] Wrote cell, size:  0x00000004
[DEBUG][SYSCALL] cell_write: key=system.memory.free
[DEBUG][CELL] Wrote cell, size:  0x00000004
[DEBUG][SYSCALL] cell_write: key=system.memory.used
[DEBUG][CELL] Wrote cell, size:  0x00000004
[INFO ][SYSCALL] System shutdown requested
